title,brackets_ratio,dot_brackets_ratio,r2,pvalue,period,year,n_brackets,length,brackets_length
Must We Mean What We Say?,0.09912009571763299,0.04808938631038437,0.8947148688576831,0.0,1958-1972,1969,1500,160472,"[4, 19, 5, 16, 7, 4, 8, 9, 8, 5, 10, 8, 7, 10, 10, 5, 10, 5, 10, 9, 89, 4, 2, 35, 6, 43, 140, 15, 10, 2, 34, 6, 138, 1, 49, 26, 7, 18, 17, 3, 25, 5, 3, 26, 19, 5, 3, 44, 4, 2, 11, 17, 14, 10, 13, 1, 9, 4, 13, 7, 2, 1, 2, 5, 2, 4, 1, 2, 15, 12, 19, 1, 1, 1, 3, 2, 9, 1, 1, 4, 4, 13, 1, 6, 4, 1, 1, 6, 5, 6, 8, 3, 2, 2, 2, 1, 1, 6, 1, 5, 8, 4, 1, 2, 24, 1, 9, 4, 41, 2, 1, 1, 2, 1, 1, 4, 8, 1, 1, 1, 7, 20, 1, 17, 4, 3, 2, 109, 1, 1, 13, 4, 1, 3, 10, 20, 4, 1, 16, 5, 8, 1, 1, 2, 1, 1, 10, 14, 5, 0, 26, 3, 21, 1, 6, 2, 6, 2, 2, 6, 7, 3, 1, 3, 14, 5, 5, 5, 4, 6, 5, 5, 3, 9, 4, 7, 36, 13, 18, 1, 11, 6, 5, 6, 8, 3, 22, 2, 3, 1, 1, 10, 5, 3, 1, 3, 6, 8, 11, 3, 3, 6, 2, 1, 3, 3, 3, 4, 1, 14, 6, 3, 3, 1, 1, 40, 20, 2, 2, 5, 9, 2, 4, 2, 16, 2, 1, 4, 1, 23, 5, 25, 2, 7, 3, 2, 3, 2, 1, 4, 5, 6, 1, 4, 13, 10, 3, 6, 9, 13, 4, 7, 5, 5, 4, 1, 29, 17, 13, 2, 6, 1, 9, 9, 5, 66, 1, 1, 1, 1, 7, 6, 8, 1, 8, 1, 1, 2, 6, 2, 1, 1, 1, 1, 1, 1, 3, 21, 2, 3, 23, 1, 1, 1, 2, 6, 4, 5, 6, 6, 2, 13, 6, 4, 4, 1, 2, 4, 9, 14, 13, 7, 22, 5, 3, 10, 6, 12, 1, 4, 8, 2, 2, 3, 5, 4, 4, 1, 4, 1, 3, 3, 3, 30, 6, 10, 10, 1, 9, 2, 2, 39, 5, 1, 12, 6, 7, 3, 2, 1, 1, 2, 3, 2, 1, 1, 1, 15, 2, 5, 4, 1, 2, 28, 6, 4, 5, 5, 4, 4, 9, 1, 4, 5, 0, 3, 34, 5, 1, 4, 1, 1, 4, 3, 4, 1, 21, 9, 1, 1, 0, 3, 6, 2, 0, 32, 1, 1, 1, 14, 4, 5, 12, 6, 0, 0, 28, 1, 1, 1, 11, 1, 1, 0, 2, 1, 1, 2, 75, 1, 0, 3, 2, 1, 2, 1, 6, 2, 3, 13, 17, 5, 5, 11, 5, 5, 14, 5, 6, 2, 7, 4, 16, 20, 18, 18, 1, 4, 1, 4, 1, 6, 1, 1, 3, 1, 70, 2, 2, 7, 18, 1, 8, 3, 20, 1, 1, 10, 3, 7, 1, 2, 1, 1, 1, 34, 24, 4, 3, 2, 2, 1, 0, 1, 3, 3, 2, 2, 5, 39, 12, 0, 3, 7, 10, 6, 5, 5, 1, 4, 2, 22, 2, 0, 12, 2, 0, 5, 7, 2, 4, 16, 13, 15, 15, 12, 6, 16, 3, 2, 4, 3, 1, 1, 9, 5, 5, 6, 0, 1, 1, 3, 3, 5, 51, 6, 24, 4, 3, 1, 4, 5, 4, 20, 1, 18, 8, 7, 129, 7, 27, 17, 7, 2, 1, 23, 5, 11, 23, 5, 10, 1, 1, 12, 6, 12, 3, 2, 3, 2, 17, 1, 1, 4, 2, 1, 12, 1, 5, 1, 1, 4, 1, 3, 19, 6, 16, 7, 2, 5, 2, 1, 8, 4, 53, 55, 1, 1, 1, 7, 30, 1, 5, 3, 4, 19, 5, 1, 9, 5, 6, 3, 20, 1, 19, 52, 0, 1, 0, 0, 5, 2, 9, 5, 1, 6, 3, 9, 9, 6, 8, 1, 1, 6, 3, 1, 3, 4, 6, 4, 1, 19, 21, 6, 3, 6, 13, 6, 3, 11, 4, 5, 3, 8, 1, 4, 13, 4, 2, 8, 6, 22, 39, 34, 4, 3, 5, 57, 5, 7, 10, 14, 8, 34, 2, 7, 2, 17, 7, 53, 2, 1, 8, 14, 17, 50, 6, 3, 21, 1, 1, 1, 2, 2, 11, 52, 9, 20, 3, 14, 13, 1, 16, 20, 5, 6, 11, 8, 15, 7, 14, 20, 10, 19, 1, 1, 6, 67, 5, 22, 17, 25, 28, 18, 7, 15, 12, 17, 34, 60, 7, 0, 3, 1, 8, 10, 9, 4, 4, 39, 22, 10, 2, 10, 7, 278, 1, 1, 1, 1, 1, 58, 11, 9, 17, 15, 0, 1, 9, 14, 0, 2, 1, 1, 1, 86, 8, 9, 18, 14, 3, 11, 3, 37, 2, 2, 18, 4, 10, 15, 28, 1, 6, 111, 7, 5, 10, 5, 10, 2, 11, 2, 2, 3, 5, 11, 9, 4, 5, 3, 4, 4, 4, 2, 2, 3, 5, 80, 13, 6, 2, 15, 21, 14, 1, 1, 4, 2, 0, 6, 0, 1, 0, 14, 68, 0, 1, 1, 1, 6, 4, 9, 14, 3, 7, 8, 4, 17, 11, 4, 4, 7, 1, 10, 10, 12, 1, 1, 13, 1, 6, 1, 6, 1, 16, 4, 16, 29, 7, 5, 6, 59, 1, 8, 22, 5, 15, 6, 7, 62, 1, 14, 23, 28, 18, 11, 11, 4, 6, 1, 6, 17, 4, 2, 2, 6, 5, 1, 5, 7, 4, 5, 25, 1, 2, 10, 21, 6, 2, 29, 11, 15, 10, 12, 54, 2, 5, 28, 2, 2, 12, 11, 39, 60, 2, 11, 5, 4, 4, 10, 1, 7, 6, 10, 8, 5, 83, 5, 7, 79, 6, 5, 3, 8, 9, 11, 1, 26, 14, 33, 5, 13, 9, 11, 9, 4, 18, 5, 18, 18, 21, 4, 3, 6, 4, 10, 23, 3, 13, 11, 8, 7, 4, 8, 15, 4, 6, 27, 2, 5, 2, 22, 5, 43, 18, 5, 6, 4, 5, 6, 1, 19, 10, 20, 4, 4, 10, 6, 19, 76, 3, 3, 3, 4, 2, 1, 1, 1, 2, 1, 5, 13, 5, 17, 4, 22, 1, 1, 7, 1, 9, 3, 2, 2, 2, 1, 6, 26, 1, 24, 15, 8, 6, 19, 1, 1, 17, 9, 16, 5, 36, 2, 21, 14, 2, 16, 2, 7, 3, 3, 18, 49, 3, 17, 16, 8, 8, 35, 6, 3, 70, 7, 15, 6, 5, 4, 9, 22, 15, 23, 1, 9, 6, 21, 4, 19, 8, 4, 5, 44, 43, 8, 43, 30, 5, 2, 4, 13, 3, 5, 5, 6, 1, 2, 26, 10, 4, 2, 12, 6, 9, 2, 1, 26, 1, 4, 1, 10, 15, 12, 1, 40, 15, 30, 5, 1, 2, 1, 1, 1, 2, 10, 11, 5, 30, 17, 16, 3, 7, 4, 1, 27, 43, 4, 9, 2, 13, 31, 7, 12, 5, 6, 7, 15, 33, 11, 1, 5, 23, 14, 8, 17, 3, 1, 23, 3, 2, 3, 8, 6, 19, 8, 2, 1, 12, 7, 34, 9, 12, 3, 12, 2, 8, 6, 28, 1, 1, 6, 1, 7, 9, 7, 11, 2, 2, 2, 31, 6, 13, 8, 2, 1, 16, 1, 12, 11, 99, 6, 5, 2, 14, 2, 3, 52, 9, 10, 21, 9, 12, 9, 17, 5, 1, 22, 2, 4, 3, 57, 10, 89, 5, 11, 3, 4, 3, 8, 3, 1, 3, 2, 18, 5, 12, 6, 6, 15, 4, 14, 34, 2, 4, 179, 6, 8, 1, 15, 6, 1, 6, 7, 4, 6, 1, 3, 1, 7, 0, 1, 2, 43, 20, 20, 24, 2, 5, 4, 12, 23, 8, 0, 5, 0, 31, 1, 0, 0, 48, 68, 8, 0, 11, 1, 1, 1, 12, 20, 1, 42, 14, 3, 1, 19, 0, 1, 6, 9, 0, 5, 0, 0, 13, 11, 1, 7, 15, 1, 30, 4, 47, 2, 0, 1, 31, 5, 17, 15, 47, 1, 6, 3, 94, 1, 1, 1, 1, 1, 2, 6, 7, 5, 6, 11, 0, 17, 10, 8, 10, 0, 19, 13, 0, 0, 1, 0, 3, 2, 8, 0, 4, 1, 8, 8, 0, 16, 0, 3, 31, 15, 19, 35, 0, 16, 10, 25, 2, 2, 0, 0, 3, 0, 0, 0, 22, 11, 22, 30, 5, 8, 6, 24, 0, 27, 18, 0, 55, 33, 7, 13, 7, 7, 4, 14, 5, 16, 5, 6, 11, 36, 2, 10, 7, 4, 59, 36, 10, 343, 6, 13, 7, 39, 2, 18, 34, 12, 3, 2, 16, 10, 19, 47, 44, 11, 1, 4, 5, 7, 3, 127, 9, 3, 2, 12, 25, 12, 22, 10, 6, 4, 10, 24, 41, 3, 3, 13, 5, 3, 1, 4, 9, 15, 44, 7, 6, 12, 6, 113, 2, 1, 8, 8, 4, 15, 5, 12, 20, 1, 12, 1, 3, 35, 8, 1, 40, 0, 1, 10, 3, 3, 3, 42, 14, 42, 19, 5, 9, 4, 24, 0, 1, 0, 17, 10, 5, 6, 1, 5, 3, 6, 6, 4, 103, 2, 33, 10, 25, 0, 2, 11, 13, 13]"
The World Viewed (1971),0.07604246710681073,0.03420264400081547,0.7214287120508447,0.0,1958-1972,1971,370,63767,"[4, 2, 26, 5, 8, 7, 14, 5, 30, 37, 2, 1, 3, 21, 16, 1, 1, 2, 43, 11, 12, 45, 14, 12, 1, 14, 9, 19, 8, 4, 1, 4, 14, 1, 1, 5, 3, 13, 14, 6, 12, 28, 3, 1, 5, 7, 3, 9, 17, 13, 4, 4, 6, 30, 1, 17, 3, 4, 12, 10, 7, 6, 1, 41, 13, 12, 3, 8, 18, 17, 7, 10, 2, 18, 35, 8, 2, 9, 15, 1, 61, 9, 4, 12, 24, 1, 3, 17, 8, 8, 1, 8, 1, 23, 6, 13, 35, 5, 3, 10, 5, 2, 2, 3, 12, 10, 42, 19, 3, 6, 3, 35, 68, 15, 4, 31, 17, 2, 3, 29, 2, 23, 13, 1, 2, 5, 23, 13, 6, 17, 5, 6, 4, 7, 11, 13, 17, 19, 5, 4, 28, 3, 36, 7, 13, 20, 13, 2, 2, 11, 66, 11, 8, 4, 19, 74, 38, 23, 36, 21, 36, 75, 52, 16, 4, 10, 48, 7, 8, 5, 8, 10, 7, 18, 15, 2, 6, 23, 12, 6, 7, 35, 16, 5, 6, 18, 9, 15, 12, 112, 1, 85, 18, 6, 8, 21, 18, 17, 10, 11, 4, 2, 10, 1, 4, 18, 11, 6, 29, 2, 6, 4, 19, 4, 2, 5, 5, 6, 9, 1, 2, 6, 9, 12, 13, 27, 9, 13, 7, 4, 22, 44, 3, 17, 10, 53, 18, 1, 1, 1, 10, 4, 9, 3, 13, 22, 12, 39, 12, 2, 17, 31, 3, 4, 5, 1, 1, 12, 11, 13, 11, 17, 2, 1, 6, 19, 7, 4, 3, 17, 5, 12, 7, 30, 12, 28, 25, 6, 45, 41, 3, 5, 9, 29, 18, 9, 17, 17, 12, 7, 4, 14, 9, 12, 27, 32, 14, 17, 6, 2, 6, 6, 5, 5, 16, 76, 22, 16, 2, 6, 12, 3, 7, 6, 3, 1, 5, 3, 1, 2, 5, 4, 5, 5, 3, 7, 7, 3, 21, 6, 3, 3, 3, 3, 7, 21, 25, 11, 25, 48, 1, 1, 4, 14, 19, 19, 5, 6, 12, 4, 4, 2, 6, 5, 8, 12, 85, 1, 3, 1, 6, 19, 48, 7, 4, 4, 6, 3, 59, 5]"
The World Viewed,0.08443257561889585,0.042210903765600265,0.770492447206008,0.0,divided,1971,528,92867,"[18, 11, 34, 21, 3, 17, 9, 6, 9, 1, 2, 1, 10, 2, 2, 2, 1, 28, 11, 4, 4, 4, 14, 28, 4, 2, 26, 5, 8, 7, 14, 5, 30, 37, 2, 1, 3, 21, 16, 1, 1, 2, 43, 11, 12, 45, 14, 12, 1, 14, 9, 19, 8, 4, 1, 4, 14, 1, 1, 5, 3, 13, 14, 6, 12, 28, 3, 1, 5, 7, 3, 9, 17, 13, 4, 4, 6, 30, 1, 17, 3, 4, 12, 10, 7, 6, 1, 41, 13, 12, 3, 8, 18, 17, 7, 10, 2, 18, 35, 8, 2, 9, 15, 1, 61, 9, 4, 12, 24, 1, 3, 17, 8, 8, 1, 8, 1, 23, 6, 13, 35, 5, 3, 10, 5, 2, 2, 3, 12, 10, 42, 19, 3, 6, 3, 35, 68, 15, 4, 31, 17, 2, 3, 29, 2, 23, 13, 1, 2, 5, 23, 13, 6, 17, 5, 6, 4, 7, 11, 13, 17, 19, 5, 4, 28, 3, 36, 7, 13, 20, 13, 2, 2, 11, 66, 11, 8, 4, 19, 74, 38, 23, 36, 21, 36, 75, 52, 16, 4, 10, 48, 7, 8, 5, 8, 10, 7, 18, 15, 2, 6, 23, 12, 6, 7, 35, 16, 5, 6, 18, 9, 15, 12, 112, 1, 85, 18, 6, 8, 21, 18, 17, 10, 11, 4, 2, 10, 1, 4, 18, 11, 6, 29, 2, 6, 4, 19, 4, 2, 5, 5, 6, 9, 1, 2, 6, 9, 12, 13, 27, 9, 13, 7, 4, 22, 44, 3, 17, 10, 53, 18, 1, 1, 1, 10, 4, 9, 3, 13, 22, 12, 39, 12, 2, 17, 31, 3, 4, 5, 1, 1, 12, 11, 13, 11, 17, 2, 1, 6, 19, 7, 4, 3, 17, 5, 12, 7, 30, 12, 28, 25, 6, 45, 41, 3, 5, 9, 29, 18, 9, 17, 17, 12, 7, 4, 14, 9, 12, 27, 32, 14, 17, 6, 2, 6, 6, 5, 5, 16, 76, 22, 16, 2, 6, 12, 3, 7, 6, 3, 1, 1, 22, 22, 103, 5, 10, 11, 1, 6, 6, 33, 8, 23, 15, 10, 17, 15, 38, 6, 7, 46, 1, 43, 34, 31, 42, 17, 52, 27, 7, 21, 6, 7, 1, 16, 51, 2, 10, 3, 6, 54, 16, 15, 2, 12, 2, 5, 58, 37, 4, 32, 17, 6, 6, 3, 3, 47, 9, 2, 49, 127, 3, 5, 5, 3, 16, 12, 8, 44, 76, 18, 18, 201, 3, 53, 75, 2, 5, 6, 7, 22, 20, 6, 5, 8, 7, 5, 13, 12, 39, 11, 7, 5, 4, 26, 8, 1, 3, 16, 66, 3, 9, 8, 2, 4, 2, 42, 15, 32, 22, 9, 26, 22, 26, 6, 12, 24, 19, 24, 137, 25, 4, 15, 5, 4, 23, 5, 34, 14, 11, 7, 5, 3, 1, 2, 5, 4, 5, 5, 3, 7, 7, 3, 21, 6, 3, 3, 3, 3, 7, 21, 25, 11, 25, 48, 1, 1, 4, 14, 19, 19, 5, 6, 12, 4, 4, 2, 6, 5, 8, 12, 85, 1, 3, 1, 6, 19, 48, 7, 4, 4, 6, 3, 59, 5, 1, 23, 3]"
The Senses of Walden (1972),0.052725134684278176,0.03090217956080619,0.6033995868575697,0.0,1958-1972,1972,338,36567,"[4, 35, 5, 4, 5, 0, 0, 0, 0, 0, 0, 1, 0, 1, 17, 0, 9, 7, 20, 30, 0, 19, 1, 18, 0, 31, 0, 0, 1, 1, 5, 11, 12, 44, 15, 64, 0, 0, 0, 1, 0, 0, 0, 0, 21, 1, 0, 0, 1, 3, 1, 1, 1, 0, 0, 0, 0, 1, 2, 1, 1, 0, 0, 0, 0, 0, 0, 0, 15, 1, 0, 0, 0, 0, 1, 1, 7, 13, 0, 0, 1, 1, 2, 2, 1, 0, 18, 0, 0, 21, 1, 0, 0, 6, 0, 1, 1, 0, 1, 4, 1, 1, 1, 1, 1, 1, 1, 1, 0, 0, 0, 4, 0, 0, 0, 1, 0, 0, 1, 1, 1, 0, 15, 2, 28, 0, 0, 0, 0, 1, 1, 1, 1, 0, 0, 0, 1, 1, 1, 1, 1, 1, 1, 9, 0, 9, 0, 0, 1, 1, 13, 92, 1, 0, 0, 0, 0, 2, 0, 0, 1, 0, 1, 9, 0, 0, 15, 12, 12, 0, 1, 9, 0, 1, 0, 0, 7, 22, 11, 0, 27, 1, 1, 1, 1, 1, 1, 0, 34, 0, 11, 0, 0, 0, 1, 0, 0, 0, 0, 1, 2, 1, 1, 8, 1, 1, 33, 0, 47, 1, 4, 0, 0, 1, 1, 14, 0, 1, 26, 1, 6, 0, 1, 13, 0, 3, 1, 1, 1, 1, 0, 1, 1, 1, 1, 1, 1, 1, 1, 2, 1, 1, 1, 1, 1, 80, 2, 1, 2, 1, 16, 0, 1, 1, 1, 0, 5, 1, 6, 23, 1, 6, 4, 7, 1, 1, 2, 6, 1, 1, 0, 6, 8, 4, 0, 19, 0, 1, 0, 53, 1, 1, 0, 1, 23, 4, 0, 6, 0, 4, 0, 0, 0, 29, 17, 5, 0, 4, 0, 10, 0, 47, 24, 8, 10, 17, 1, 0, 10, 31, 90, 0, 1, 0, 1, 0, 0, 1, 53, 1, 3, 10, 0, 16, 23, 8, 7, 11, 13, 8, 0, 1, 1, 1, 81, 15, 0, 10]"
The Senses of Walden,0.06274352024394375,0.03817973911570388,0.6973293061765454,0.0,divided,1972,400,47224,"[4, 35, 5, 4, 5, 0, 0, 0, 0, 0, 0, 1, 0, 1, 17, 0, 9, 7, 20, 30, 0, 19, 1, 18, 0, 31, 0, 0, 1, 1, 5, 11, 12, 44, 15, 64, 0, 0, 0, 1, 0, 0, 0, 0, 21, 1, 0, 0, 1, 3, 1, 1, 1, 0, 0, 0, 0, 1, 2, 1, 1, 0, 0, 0, 0, 0, 0, 0, 15, 1, 0, 0, 0, 0, 1, 1, 7, 13, 0, 0, 1, 1, 2, 2, 1, 0, 18, 0, 0, 21, 1, 0, 0, 6, 0, 1, 1, 0, 1, 4, 1, 1, 1, 1, 1, 1, 1, 1, 0, 0, 0, 4, 0, 0, 0, 1, 0, 0, 1, 1, 1, 0, 15, 2, 28, 0, 0, 0, 0, 1, 1, 1, 1, 0, 0, 0, 1, 1, 1, 1, 1, 1, 1, 9, 0, 9, 0, 0, 1, 1, 13, 92, 1, 0, 0, 0, 0, 2, 0, 0, 1, 0, 1, 9, 0, 0, 15, 12, 12, 0, 1, 9, 0, 1, 0, 0, 7, 22, 11, 0, 27, 1, 1, 1, 1, 1, 1, 0, 34, 0, 11, 0, 0, 0, 1, 0, 0, 0, 0, 1, 2, 1, 1, 8, 1, 1, 33, 0, 47, 1, 4, 0, 0, 1, 1, 14, 0, 1, 26, 1, 6, 0, 1, 13, 0, 3, 1, 1, 1, 1, 0, 1, 1, 1, 1, 1, 1, 1, 1, 2, 1, 1, 1, 1, 1, 80, 2, 1, 2, 1, 16, 0, 1, 1, 1, 0, 5, 1, 6, 23, 1, 6, 4, 7, 1, 1, 2, 6, 1, 1, 0, 6, 8, 4, 0, 19, 0, 1, 0, 53, 1, 1, 0, 1, 23, 4, 0, 6, 0, 4, 0, 0, 0, 29, 17, 5, 0, 4, 0, 10, 0, 47, 24, 8, 10, 17, 1, 0, 10, 31, 90, 0, 1, 0, 1, 0, 0, 1, 53, 1, 3, 10, 0, 16, 23, 8, 7, 11, 13, 8, 0, 1, 1, 1, 81, 15, 0, 10, 1, 34, 3, 3, 2, 24, 2, 2, 11, 10, 3, 2, 7, 29, 10, 2, 2, 4, 3, 102, 10, 16, 10, 101, 6, 1, 1, 18, 39, 44, 1, 1, 21, 11, 1, 7, 4, 1, 10, 8, 19, 14, 34, 16, 7, 2, 1, 4, 1, 1, 59, 9, 48, 34, 164, 1, 1, 2, 2, 3, 27, 19]"
The Claim of Reason (1972),0.12245527659089232,0.05802807831878886,0.9028841174497657,0.0,1958-1972,1972,1587,149083,"[4, 4, 3, 9, 11, 120, 324, 7, 7, 4, 16, 23, 5, 2, 5, 2, 8, 8, 7, 6, 9, 8, 8, 3, 5, 7, 2, 5, 13, 1, 2, 3, 3, 5, 3, 1, 4, 118, 7, 86, 18, 1, 4, 3, 3, 7, 5, 40, 30, 6, 11, 2, 1, 4, 13, 114, 1, 14, 2, 1, 3, 5, 1, 5, 8, 3, 2, 7, 63, 7, 7, 34, 3, 4, 23, 3, 1, 2, 18, 5, 6, 12, 4, 1, 5, 7, 13, 1, 2, 5, 16, 6, 3, 4, 10, 37, 2, 4, 13, 34, 45, 1, 2, 14, 7, 4, 1, 2, 1, 5, 3, 5, 48, 3, 1, 1, 4, 3, 1, 1, 5, 9, 9, 5, 17, 18, 2, 4, 4, 5, 9, 10, 1, 10, 2, 11, 1, 1, 22, 1, 24, 4, 12, 5, 2, 1, 5, 3, 1, 34, 19, 14, 7, 1, 14, 1, 5, 6, 1, 1, 11, 1, 1, 1, 11, 137, 4, 1, 8, 38, 1, 1, 1, 2, 1, 14, 1, 1, 2, 1, 7, 3, 1, 3, 36, 4, 8, 2, 6, 1, 35, 8, 7, 9, 5, 2, 1, 6, 1, 10, 3, 3, 11, 3, 8, 4, 2, 9, 1, 3, 44, 6, 239, 13, 10, 12, 79, 4, 6, 8, 5, 2, 3, 1, 7, 2, 37, 1, 2, 6, 2, 2, 5, 8, 1, 23, 14, 1, 2, 22, 8, 10, 50, 2, 33, 11, 8, 9, 14, 8, 2, 5, 12, 2, 10, 9, 16, 1, 3, 9, 4, 11, 1, 1, 5, 5, 1, 3, 3, 11, 15, 6, 1, 3, 4, 1, 17, 32, 26, 8, 20, 17, 10, 20, 1, 1, 30, 1, 28, 1, 7, 1, 4, 1, 2, 10, 13, 5, 9, 16, 41, 6, 37, 8, 5, 84, 1, 12, 8, 12, 2, 1, 1, 1, 4, 3, 1, 1, 3, 8, 3, 1, 24, 7, 1, 5, 1, 1, 1, 5, 1, 1, 2, 4, 3, 1, 1, 2, 10, 9, 6, 20, 6, 6, 3, 16, 6, 22, 4, 49, 7, 1, 2, 6, 3, 4, 1, 8, 7, 23, 14, 3, 5, 18, 32, 7, 1, 3, 11, 1, 10, 3, 12, 2, 4, 10, 20, 6, 2, 1, 1, 2, 7, 8, 18, 18, 37, 1, 13, 197, 3, 8, 1, 3, 21, 3, 1, 26, 1, 6, 1, 6, 1, 17, 1, 2, 10, 37, 22, 6, 5, 2, 3, 1, 5, 5, 15, 26, 1, 56, 1, 18, 1, 9, 11, 7, 3, 1, 7, 3, 26, 6, 29, 25, 19, 5, 26, 10, 6, 3, 7, 26, 2, 2, 3, 2, 8, 12, 1, 2, 13, 1, 1, 1, 5, 10, 26, 44, 1, 1, 2, 1, 1, 9, 3, 5, 8, 10, 6, 3, 4, 4, 1, 5, 69, 11, 4, 1, 7, 9, 8, 15, 1, 5, 7, 6, 4, 30, 6, 20, 1, 9, 26, 16, 421, 432, 93, 5, 44, 25, 18, 1, 5, 7, 2, 4, 38, 7, 3, 4, 1, 27, 22, 1, 1, 76, 30, 7, 3, 2, 25, 3, 12, 3, 6, 2, 5, 1, 61, 4, 80, 11, 126, 7, 2, 1, 1, 1, 2, 3, 14, 3, 2, 1, 6, 12, 10, 10, 78, 4, 4, 26, 11, 63, 15, 11, 4, 4, 2, 3, 3, 3, 5, 1, 7, 1, 4, 7, 22, 3, 4, 7, 7, 3, 31, 1, 1, 16, 2, 2, 20, 2, 1, 2, 16, 3, 6, 1, 1, 28, 6, 2, 2, 1, 18, 25, 6, 1, 2, 2, 43, 16, 20, 2, 7, 13, 17, 28, 55, 18, 2, 2, 5, 1, 5, 13, 5, 8, 6, 1, 1, 1, 6, 4, 4, 9, 16, 1, 23, 1, 12, 1, 9, 12, 13, 24, 3, 37, 9, 1, 2, 1, 16, 1, 2, 20, 36, 2, 9, 19, 5, 1, 2, 17, 33, 9, 27, 53, 15, 2, 2, 8, 6, 22, 12, 4, 60, 1, 13, 5, 1, 1, 7, 1, 4, 1, 1, 7, 2, 10, 5, 19, 5, 1, 1, 1, 7, 10, 5, 2, 32, 21, 2, 4, 41, 1, 8, 5, 4, 35, 20, 16, 14, 6, 38, 5, 15, 10, 7, 7, 13, 44, 9, 2, 4, 11, 39, 27, 15, 5, 21, 12, 35, 16, 95, 24, 4, 7, 6, 8, 6, 7, 12, 34, 3, 5, 1, 20, 36, 9, 6, 8, 1, 1, 6, 6, 9, 6, 23, 5, 4, 4, 2, 6, 7, 1, 1, 5, 5, 3, 11, 13, 22, 1, 4, 1, 1, 9, 2, 2, 3, 8, 1, 11, 20, 15, 16, 13, 5, 1, 1, 19, 3, 5, 9, 10, 5, 17, 1, 3, 5, 33, 4, 1, 1, 4, 5, 7, 12, 2, 7, 6, 4, 1, 3, 2, 2, 2, 4, 2, 3, 22, 5, 2, 2, 7, 7, 3, 1, 72, 23, 1, 29, 2, 4, 5, 1, 59, 5, 5, 7, 21, 3, 9, 14, 2, 4, 12, 1, 2, 2, 28, 7, 2, 12, 7, 4, 9, 3, 7, 54, 23, 1, 4, 4, 10, 4, 11, 1, 3, 1, 8, 1, 1, 1, 8, 7, 28, 29, 2, 24, 9, 16, 1, 3, 52, 15, 12, 1, 15, 8, 23, 24, 4, 8, 6, 16, 12, 5, 1, 5, 5, 1, 3, 55, 6, 6, 3, 21, 101, 1, 9, 1, 1, 52, 4, 1, 2, 3, 2, 12, 1, 6, 16, 10, 8, 1, 22, 19, 11, 25, 4, 2, 1, 7, 9, 2, 6, 4, 6, 1, 4, 1, 5, 4, 4, 4, 4, 1, 4, 1, 1, 1, 1, 5, 2, 11, 16, 1, 1, 11, 5, 17, 1, 2, 1, 1, 14, 12, 2, 37, 2, 9, 16, 2, 2, 24, 12, 44, 7, 16, 14, 1, 11, 4, 9, 14, 1, 4, 3, 10, 6, 4, 8, 4, 7, 6, 5, 1, 1, 3, 1, 4, 9, 6, 1, 6, 8, 5, 1, 40, 3, 102, 9, 16, 4, 7, 24, 14, 8, 11, 31, 2, 11, 8, 18, 5, 1, 1, 1, 6, 5, 18, 34, 1, 120, 4, 2, 10, 8, 2, 12, 5, 9, 2, 21, 12, 18, 1, 42, 3, 38, 10, 3, 6, 23, 14, 4, 3, 3, 4, 2, 28, 12, 5, 11, 3, 12, 33, 2, 1, 8, 51, 22, 1, 8, 5, 2, 1, 2, 2, 3, 11, 34, 21, 38, 18, 7, 16, 16, 2, 0, 1, 1, 3, 1, 11, 13, 17, 1, 2, 6, 4, 1, 1, 6, 3, 6, 1, 50, 4, 15, 18, 5, 5, 7, 14, 7, 4, 25, 16, 35, 1, 1, 3, 5, 12, 8, 4, 4, 2, 9, 12, 1, 9, 1, 2, 4, 23, 1, 1, 1, 1, 13, 10, 70, 12, 30, 38, 22, 10, 12, 4, 14, 34, 2, 2, 2, 1, 5, 1, 1, 1, 3, 1, 14, 1, 1, 20, 1, 3, 4, 3, 13, 1, 12, 12, 4, 4, 3, 3, 1, 27, 1, 15, 2, 2, 8, 10, 14, 4, 13, 2, 1, 3, 1, 1, 18, 1, 29, 1, 8, 18, 1, 1, 24, 2, 4, 3, 33, 5, 24, 5, 8, 11, 3, 10, 8, 29, 20, 8, 2, 1, 1, 25, 1, 5, 7, 14, 4, 28, 5, 40, 1, 9, 37, 35, 5, 23, 8, 26, 24, 13, 5, 2, 3, 43, 4, 8, 25, 4, 1, 4, 1, 3, 5, 10, 3, 4, 23, 1, 4, 3, 14, 1, 1, 4, 1, 2, 0, 5, 1, 34, 4, 2, 3, 4, 2, 3, 2, 2, 91, 22, 6, 1, 1, 12, 6, 12, 2, 9, 13, 1, 18, 11, 1, 12, 16, 1, 2, 13, 5, 1, 4, 8, 1, 1, 12, 24, 11, 1, 6, 4, 3, 12, 3, 7, 1, 2, 1, 5, 25, 5, 39, 18, 5, 3, 27, 41, 85, 15, 8, 11, 21, 12, 7, 8, 16, 6, 10, 2, 1, 13, 16, 27, 1, 1, 34, 10, 1, 1, 8, 8, 1, 15, 1, 1, 36, 13, 4, 1, 17, 4, 12, 26, 2, 6, 4, 2, 5, 7, 1, 1, 8, 2, 1, 1, 3, 49, 1, 3, 5, 5, 17, 5, 1, 8, 2, 1, 3, 7, 1, 1, 16, 5, 1, 5, 6, 6, 1, 1, 7, 27, 2, 1, 21, 7, 16, 1, 1, 1, 60, 9, 12, 11, 35, 6, 8, 1, 3, 4, 10, 2, 1, 4, 5, 1, 34, 14, 3, 1, 6, 1, 1, 10, 47, 13, 41, 8, 14, 3, 3, 1, 9, 26, 7, 9, 8, 1, 1, 9, 2, 2, 1, 8, 1, 3, 2, 2, 1, 1, 56, 1, 9, 26, 3, 3, 2, 3, 22, 1, 1, 1, 1, 1, 1, 7, 14, 6, 10, 10, 11, 5, 9, 16, 18, 18, 8, 1, 5, 2, 2, 6, 5, 49, 1, 5, 3, 14, 3, 4, 2, 2, 2, 1, 1, 17, 6, 24, 2, 1, 16, 13, 1, 1, 42, 3, 5, 2, 1, 1, 11, 11, 1, 1, 79, 3, 1, 6, 4, 1, 1, 3, 18, 15, 7, 5, 3, 22, 75, 4, 11, 4, 11, 56, 5, 5, 15, 287, 6, 6, 21, 4, 5, 1, 1, 1, 4, 4, 5, 10, 21, 15, 23, 41, 13, 39, 36, 1, 2, 25, 14, 14, 19, 5, 11, 41, 4, 8, 35, 8, 6, 9, 29, 51, 1, 14, 28, 1, 18, 5, 3, 17, 7, 23, 1, 98]"
The Claim of Reason,0.12045803693684667,0.06708997094479512,0.9302898166853891,0.0,divided,1972,2273,239544,"[15, 9, 8, 27, 12, 5, 13, 12, 6, 9, 8, 12, 20, 103, 27, 1, 7, 11, 9, 14, 3, 12, 50, 6, 20, 6, 18, 3, 1, 11, 1, 12, 1, 4, 13, 17, 74, 2, 7, 1, 8, 4, 4, 3, 9, 11, 120, 324, 7, 7, 4, 16, 23, 5, 2, 5, 2, 8, 8, 7, 6, 9, 8, 8, 3, 5, 7, 2, 5, 13, 1, 2, 3, 3, 5, 3, 1, 4, 118, 7, 86, 18, 1, 4, 3, 3, 7, 5, 40, 30, 6, 11, 2, 1, 4, 13, 114, 1, 14, 2, 1, 3, 5, 1, 5, 8, 3, 2, 7, 63, 7, 7, 34, 3, 4, 23, 3, 1, 2, 18, 5, 6, 12, 4, 1, 5, 7, 13, 1, 2, 5, 16, 6, 3, 4, 10, 37, 2, 4, 13, 34, 45, 1, 2, 14, 7, 4, 1, 2, 1, 5, 3, 5, 48, 3, 1, 1, 4, 3, 1, 1, 5, 9, 9, 5, 17, 18, 2, 4, 4, 5, 9, 10, 1, 10, 2, 11, 1, 1, 22, 1, 24, 4, 12, 5, 2, 1, 5, 3, 1, 34, 19, 14, 7, 1, 14, 1, 5, 6, 1, 1, 11, 1, 1, 1, 11, 137, 4, 1, 8, 38, 1, 1, 1, 2, 1, 14, 1, 1, 2, 1, 7, 3, 1, 3, 36, 4, 8, 2, 6, 1, 35, 8, 7, 9, 5, 2, 1, 6, 1, 10, 3, 3, 11, 3, 8, 4, 2, 9, 1, 3, 44, 6, 239, 13, 10, 12, 79, 4, 6, 8, 5, 2, 3, 1, 7, 2, 37, 1, 2, 6, 2, 2, 5, 8, 1, 23, 14, 1, 2, 22, 8, 10, 50, 2, 33, 11, 8, 9, 14, 8, 2, 5, 12, 2, 10, 9, 16, 1, 3, 9, 4, 11, 1, 1, 5, 5, 1, 3, 3, 11, 15, 6, 1, 3, 4, 1, 17, 32, 26, 8, 20, 17, 10, 20, 1, 1, 30, 1, 28, 1, 7, 1, 4, 1, 2, 10, 13, 5, 9, 16, 41, 6, 37, 8, 5, 84, 1, 12, 8, 12, 2, 1, 1, 1, 4, 3, 1, 1, 3, 8, 3, 1, 24, 7, 1, 5, 1, 1, 1, 5, 1, 1, 2, 4, 3, 1, 1, 2, 10, 9, 6, 20, 6, 6, 3, 16, 6, 22, 4, 49, 7, 1, 2, 6, 3, 4, 1, 8, 7, 23, 14, 3, 5, 18, 32, 7, 1, 3, 11, 1, 10, 3, 12, 2, 4, 10, 20, 6, 2, 1, 1, 2, 7, 8, 18, 18, 37, 1, 13, 197, 3, 8, 1, 3, 21, 3, 1, 26, 1, 6, 1, 6, 1, 17, 1, 2, 10, 37, 22, 6, 5, 2, 3, 1, 5, 5, 15, 26, 1, 56, 1, 18, 1, 9, 11, 7, 3, 1, 7, 3, 26, 6, 29, 25, 19, 5, 26, 10, 6, 3, 7, 26, 2, 2, 3, 2, 8, 12, 1, 2, 13, 1, 1, 1, 5, 10, 26, 44, 1, 1, 2, 1, 1, 9, 3, 5, 8, 10, 6, 3, 4, 4, 1, 5, 69, 11, 4, 1, 7, 9, 8, 15, 1, 5, 7, 6, 4, 30, 6, 20, 1, 9, 26, 16, 421, 432, 93, 5, 44, 25, 18, 1, 5, 7, 2, 4, 38, 7, 3, 4, 1, 27, 22, 1, 1, 76, 30, 7, 3, 2, 25, 3, 12, 3, 6, 2, 5, 1, 61, 4, 80, 11, 126, 7, 2, 1, 1, 1, 2, 3, 14, 3, 2, 1, 6, 12, 10, 10, 78, 4, 4, 26, 11, 63, 15, 11, 4, 4, 2, 3, 3, 3, 5, 1, 7, 1, 4, 7, 22, 3, 4, 7, 7, 3, 31, 1, 1, 16, 2, 2, 20, 2, 1, 2, 16, 3, 6, 1, 1, 28, 6, 2, 2, 1, 18, 25, 6, 1, 2, 2, 43, 16, 20, 2, 7, 13, 17, 28, 55, 18, 2, 2, 5, 1, 5, 13, 5, 8, 6, 1, 1, 1, 6, 4, 4, 9, 16, 1, 23, 1, 12, 1, 9, 12, 13, 24, 3, 37, 9, 1, 2, 1, 16, 1, 2, 20, 36, 2, 9, 19, 5, 1, 2, 17, 33, 9, 27, 53, 15, 2, 2, 8, 6, 22, 12, 4, 60, 1, 13, 5, 1, 1, 7, 1, 4, 1, 1, 7, 2, 10, 5, 19, 5, 1, 1, 1, 7, 10, 5, 2, 32, 21, 2, 4, 41, 1, 8, 5, 4, 35, 20, 16, 14, 6, 38, 5, 15, 10, 7, 7, 13, 44, 9, 2, 4, 11, 39, 27, 15, 5, 21, 12, 35, 16, 95, 24, 4, 7, 6, 8, 6, 7, 12, 34, 3, 5, 1, 20, 36, 9, 6, 8, 1, 1, 6, 6, 9, 6, 23, 5, 4, 4, 2, 6, 7, 1, 1, 5, 5, 3, 11, 13, 22, 1, 4, 1, 1, 9, 2, 2, 3, 8, 1, 11, 20, 15, 16, 13, 5, 1, 1, 19, 3, 5, 9, 10, 5, 17, 1, 3, 5, 33, 4, 1, 1, 4, 5, 7, 12, 2, 7, 6, 4, 1, 3, 2, 2, 2, 4, 2, 3, 22, 5, 2, 2, 7, 7, 3, 1, 72, 23, 1, 29, 2, 4, 5, 1, 59, 5, 5, 7, 21, 3, 9, 14, 2, 4, 12, 1, 2, 2, 28, 7, 2, 12, 7, 4, 9, 3, 7, 54, 23, 1, 4, 4, 10, 4, 11, 1, 3, 1, 8, 1, 1, 1, 8, 7, 28, 29, 2, 24, 9, 16, 1, 3, 52, 15, 12, 1, 15, 8, 23, 24, 4, 8, 6, 16, 12, 5, 1, 5, 5, 1, 3, 55, 6, 6, 3, 21, 101, 1, 9, 1, 1, 52, 4, 1, 2, 3, 2, 12, 1, 6, 16, 10, 8, 1, 22, 19, 11, 25, 4, 2, 1, 7, 9, 2, 6, 4, 6, 1, 4, 1, 5, 4, 4, 4, 4, 1, 4, 1, 1, 1, 1, 5, 2, 11, 16, 1, 1, 11, 5, 17, 1, 2, 1, 1, 14, 12, 2, 37, 2, 9, 16, 2, 2, 24, 12, 44, 7, 16, 14, 1, 11, 4, 9, 14, 1, 4, 3, 10, 6, 4, 8, 4, 7, 6, 5, 1, 1, 3, 1, 4, 9, 6, 1, 6, 8, 5, 1, 40, 3, 102, 9, 16, 4, 7, 24, 14, 8, 11, 31, 2, 11, 8, 18, 5, 1, 1, 1, 6, 5, 18, 34, 1, 120, 4, 2, 10, 8, 2, 12, 5, 9, 2, 21, 12, 18, 1, 42, 3, 38, 10, 3, 6, 23, 14, 4, 3, 3, 4, 2, 28, 12, 5, 11, 3, 12, 33, 2, 1, 8, 51, 22, 1, 8, 5, 2, 1, 2, 2, 3, 11, 34, 21, 38, 18, 7, 16, 16, 2, 0, 1, 1, 3, 1, 11, 13, 17, 1, 2, 6, 4, 1, 1, 6, 3, 6, 1, 50, 4, 15, 18, 5, 5, 7, 14, 7, 4, 25, 16, 35, 1, 1, 3, 5, 12, 8, 4, 4, 2, 9, 12, 1, 9, 1, 2, 4, 23, 1, 1, 1, 1, 13, 10, 70, 12, 30, 38, 22, 10, 12, 4, 14, 34, 2, 2, 2, 1, 5, 1, 1, 1, 3, 1, 14, 1, 1, 20, 1, 3, 4, 3, 13, 1, 12, 12, 4, 4, 3, 3, 1, 27, 1, 15, 2, 2, 8, 10, 14, 4, 13, 2, 1, 3, 1, 1, 18, 1, 29, 1, 8, 18, 1, 1, 24, 2, 4, 3, 33, 5, 24, 5, 8, 11, 3, 10, 8, 29, 20, 8, 2, 1, 1, 25, 1, 5, 7, 14, 4, 28, 5, 40, 1, 9, 37, 35, 5, 23, 8, 26, 24, 13, 5, 2, 3, 43, 4, 8, 25, 4, 1, 4, 1, 3, 5, 10, 3, 4, 23, 1, 4, 3, 14, 1, 1, 4, 1, 2, 0, 5, 1, 34, 4, 2, 3, 4, 2, 3, 2, 2, 91, 22, 6, 1, 1, 12, 6, 12, 2, 9, 13, 1, 18, 11, 1, 12, 16, 1, 2, 13, 5, 1, 4, 8, 1, 1, 12, 24, 11, 1, 6, 4, 3, 12, 3, 7, 1, 2, 1, 5, 25, 5, 39, 18, 5, 3, 27, 41, 85, 15, 8, 11, 21, 12, 7, 8, 16, 6, 10, 2, 1, 13, 16, 27, 1, 1, 34, 10, 1, 1, 8, 8, 1, 15, 1, 1, 36, 13, 4, 1, 17, 4, 12, 26, 2, 6, 4, 2, 5, 7, 1, 1, 8, 2, 1, 1, 3, 49, 1, 3, 5, 5, 17, 5, 1, 8, 2, 1, 3, 7, 1, 1, 16, 5, 1, 5, 6, 6, 1, 1, 7, 27, 2, 1, 21, 7, 16, 1, 1, 1, 60, 9, 12, 11, 35, 6, 8, 1, 3, 4, 10, 2, 1, 4, 5, 1, 34, 14, 3, 1, 6, 1, 1, 10, 47, 13, 41, 8, 14, 3, 3, 1, 9, 26, 7, 9, 8, 1, 1, 9, 2, 2, 1, 8, 1, 3, 2, 2, 1, 1, 56, 1, 9, 26, 3, 3, 2, 3, 22, 1, 1, 1, 1, 1, 1, 7, 14, 6, 10, 10, 11, 5, 9, 16, 18, 18, 8, 1, 5, 2, 2, 6, 5, 49, 1, 5, 3, 14, 3, 4, 2, 2, 2, 1, 1, 17, 6, 24, 2, 1, 16, 13, 1, 1, 42, 3, 5, 2, 1, 1, 11, 11, 1, 1, 79, 3, 1, 6, 4, 1, 1, 3, 18, 15, 7, 5, 3, 22, 75, 4, 11, 4, 11, 56, 5, 5, 15, 287, 6, 6, 21, 4, 5, 1, 1, 1, 4, 4, 5, 10, 21, 15, 23, 41, 13, 39, 36, 1, 2, 25, 14, 14, 19, 5, 11, 41, 4, 8, 35, 8, 6, 9, 29, 51, 1, 14, 28, 1, 18, 5, 3, 17, 7, 23, 1, 98, 1, 5, 1, 4, 25, 1, 4, 4, 1, 1, 1, 18, 21, 1, 17, 60, 2, 6, 10, 19, 5, 12, 2, 1, 6, 4, 8, 6, 11, 1, 32, 2, 15, 1, 24, 1, 3, 1, 1, 1, 25, 8, 16, 2, 6, 8, 18, 7, 9, 12, 4, 13, 1, 11, 7, 4, 6, 2, 18, 3, 76, 1, 6, 5, 17, 1, 1, 5, 28, 30, 1, 3, 4, 4, 36, 62, 32, 21, 1, 1, 19, 34, 50, 1, 3, 2, 17, 39, 1, 95, 3, 9, 15, 3, 27, 15, 15, 22, 15, 135, 19, 11, 108, 5, 4, 86, 76, 1, 2, 2, 4, 80, 14, 5, 8, 13, 9, 7, 34, 55, 10, 2, 2, 2, 1, 6, 12, 12, 15, 25, 10, 9, 42, 11, 38, 1, 1, 1, 5, 8, 243, 7, 6, 22, 3, 22, 1, 1, 6, 6, 38, 11, 29, 32, 129, 5, 9, 16, 10, 17, 2, 10, 4, 5, 4, 1, 4, 14, 11, 5, 12, 136, 10, 1, 12, 8, 5, 60, 3, 1, 2, 8, 5, 67, 9, 16, 20, 12, 1, 1, 16, 9, 4, 6, 28, 35, 10, 16, 19, 5, 7, 14, 7, 8, 10, 10, 36, 24, 15, 18, 46, 5, 3, 36, 2, 8, 1, 8, 2, 1, 13, 1, 4, 3, 7, 13, 7, 6, 18, 8, 32, 8, 4, 9, 25, 2, 10, 11, 8, 9, 428, 26, 1, 36, 14, 5, 3, 4, 10, 51, 21, 2, 15, 108, 8, 1, 57, 50, 19, 10, 3, 14, 41, 3, 1, 1, 1, 17, 28, 26, 6, 47, 1, 8, 6, 5, 13, 4, 5, 21, 6, 1, 1, 12, 5, 3, 32, 9, 2, 1, 1, 17, 2, 115, 58, 1, 11, 15, 55, 4, 9, 7, 11, 6, 1, 1, 3, 3, 1, 42, 4, 16, 32, 37, 4, 66, 5, 11, 16, 2, 6, 16, 15, 1, 1, 9, 4, 1, 28, 7, 54, 10, 22, 8, 44, 154, 14, 22, 10, 1, 10, 15, 227, 1, 14, 14, 8, 56, 10, 120, 15, 2, 10, 72, 21, 4, 7, 28, 9, 52, 11, 4, 51, 3, 1, 2, 2, 4, 3, 4, 3, 1, 4, 4, 3, 4, 4, 6, 15, 25, 2, 10, 1, 9, 18, 14, 1, 1, 11, 13, 18, 1, 20, 2, 34, 17, 1, 42, 44, 20, 1, 2, 73, 1, 1, 2, 2, 7, 5, 1, 6, 3, 55, 1, 9, 1, 1, 6, 1, 71, 22, 16, 5, 18, 6, 3, 3, 1, 1, 7, 8, 1, 6, 22, 2, 27, 6, 8, 1, 3, 3, 23, 1, 1, 9, 26, 5, 2, 5, 62, 21, 2, 20, 3, 1, 1, 1, 6, 4, 94, 5, 9, 1, 3, 7, 7, 2, 16, 8, 6, 44, 3, 2, 15, 10, 10, 10, 28, 2, 10, 8, 2, 3, 55, 5, 1, 1, 3, 98, 32, 10, 26, 24, 39, 1, 3, 5, 1, 8, 44, 7, 1, 28, 2, 1, 2, 2, 2, 12, 1, 1, 8, 15, 25, 3, 2, 10, 3, 2, 1, 5, 3, 4, 10, 33, 3, 4, 18, 11, 32, 6, 2, 1, 99, 91, 33, 9, 2, 12, 37, 16, 36, 1, 5, 9, 9, 6, 15, 7, 2, 14, 57, 6, 7, 13, 1, 1, 5, 7, 5, 7, 2, 47, 17, 1, 5, 18, 1, 1, 1, 3, 1, 1, 5, 2, 19, 10, 1, 12, 11, 5, 2, 2, 3, 23, 6, 18, 1, 1, 42, 2, 1, 1, 0, 12, 6, 0, 7, 4, 9, 1, 6, 1, 0, 17, 3, 0, 2, 1, 0, 0, 1, 14, 12, 48, 20, 3, 20, 58, 0, 15, 0, 26, 0, 103, 2, 16, 15, 0, 7, 16, 12, 3, 29, 6, 9, 6, 5, 9, 0, 9, 35, 9, 1, 12]"
The World Viewed (1979),0.10275078127682956,0.05972045743329098,0.6110288855260929,0.0,1983-1987,1979,158,29119,"[18, 11, 34, 21, 3, 17, 9, 6, 9, 1, 2, 1, 10, 2, 2, 2, 1, 28, 11, 4, 4, 4, 14, 28, 1, 22, 22, 103, 5, 10, 11, 1, 6, 6, 33, 8, 23, 15, 10, 17, 15, 38, 6, 7, 46, 1, 43, 34, 31, 42, 17, 52, 27, 7, 21, 6, 7, 1, 16, 51, 2, 10, 3, 6, 54, 16, 15, 2, 12, 2, 5, 58, 37, 4, 32, 17, 6, 6, 3, 3, 47, 9, 2, 49, 127, 3, 5, 5, 3, 16, 12, 8, 44, 76, 18, 18, 201, 3, 53, 75, 2, 5, 6, 7, 22, 20, 6, 5, 8, 7, 5, 13, 12, 39, 11, 7, 5, 4, 26, 8, 1, 3, 16, 66, 3, 9, 8, 2, 4, 2, 42, 15, 32, 22, 9, 26, 22, 26, 6, 12, 24, 19, 24, 137, 25, 4, 15, 5, 4, 23, 5, 34, 14, 11, 7, 1, 23, 3]"
The Claim of Reason (1979),0.1171665137462553,0.08202429776367716,0.9029814813863156,0.0,1983-1987,1979,686,90461,"[15, 9, 8, 27, 12, 5, 13, 12, 6, 9, 8, 12, 20, 103, 27, 1, 7, 11, 9, 14, 3, 12, 50, 6, 20, 6, 18, 3, 1, 11, 1, 12, 1, 4, 13, 17, 74, 2, 7, 1, 8, 1, 5, 1, 4, 25, 1, 4, 4, 1, 1, 1, 18, 21, 1, 17, 60, 2, 6, 10, 19, 5, 12, 2, 1, 6, 4, 8, 6, 11, 1, 32, 2, 15, 1, 24, 1, 3, 1, 1, 1, 25, 8, 16, 2, 6, 8, 18, 7, 9, 12, 4, 13, 1, 11, 7, 4, 6, 2, 18, 3, 76, 1, 6, 5, 17, 1, 1, 5, 28, 30, 1, 3, 4, 4, 36, 62, 32, 21, 1, 1, 19, 34, 50, 1, 3, 2, 17, 39, 1, 95, 3, 9, 15, 3, 27, 15, 15, 22, 15, 135, 19, 11, 108, 5, 4, 86, 76, 1, 2, 2, 4, 80, 14, 5, 8, 13, 9, 7, 34, 55, 10, 2, 2, 2, 1, 6, 12, 12, 15, 25, 10, 9, 42, 11, 38, 1, 1, 1, 5, 8, 243, 7, 6, 22, 3, 22, 1, 1, 6, 6, 38, 11, 29, 32, 129, 5, 9, 16, 10, 17, 2, 10, 4, 5, 4, 1, 4, 14, 11, 5, 12, 136, 10, 1, 12, 8, 5, 60, 3, 1, 2, 8, 5, 67, 9, 16, 20, 12, 1, 1, 16, 9, 4, 6, 28, 35, 10, 16, 19, 5, 7, 14, 7, 8, 10, 10, 36, 24, 15, 18, 46, 5, 3, 36, 2, 8, 1, 8, 2, 1, 13, 1, 4, 3, 7, 13, 7, 6, 18, 8, 32, 8, 4, 9, 25, 2, 10, 11, 8, 9, 428, 26, 1, 36, 14, 5, 3, 4, 10, 51, 21, 2, 15, 108, 8, 1, 57, 50, 19, 10, 3, 14, 41, 3, 1, 1, 1, 17, 28, 26, 6, 47, 1, 8, 6, 5, 13, 4, 5, 21, 6, 1, 1, 12, 5, 3, 32, 9, 2, 1, 1, 17, 2, 115, 58, 1, 11, 15, 55, 4, 9, 7, 11, 6, 1, 1, 3, 3, 1, 42, 4, 16, 32, 37, 4, 66, 5, 11, 16, 2, 6, 16, 15, 1, 1, 9, 4, 1, 28, 7, 54, 10, 22, 8, 44, 154, 14, 22, 10, 1, 10, 15, 227, 1, 14, 14, 8, 56, 10, 120, 15, 2, 10, 72, 21, 4, 7, 28, 9, 52, 11, 4, 51, 3, 1, 2, 2, 4, 3, 4, 3, 1, 4, 4, 3, 4, 4, 6, 15, 25, 2, 10, 1, 9, 18, 14, 1, 1, 11, 13, 18, 1, 20, 2, 34, 17, 1, 42, 44, 20, 1, 2, 73, 1, 1, 2, 2, 7, 5, 1, 6, 3, 55, 1, 9, 1, 1, 6, 1, 71, 22, 16, 5, 18, 6, 3, 3, 1, 1, 7, 8, 1, 6, 22, 2, 27, 6, 8, 1, 3, 3, 23, 1, 1, 9, 26, 5, 2, 5, 62, 21, 2, 20, 3, 1, 1, 1, 6, 4, 94, 5, 9, 1, 3, 7, 7, 2, 16, 8, 6, 44, 3, 2, 15, 10, 10, 10, 28, 2, 10, 8, 2, 3, 55, 5, 1, 1, 3, 98, 32, 10, 26, 24, 39, 1, 3, 5, 1, 8, 44, 7, 1, 28, 2, 1, 2, 2, 2, 12, 1, 1, 8, 15, 25, 3, 2, 10, 3, 2, 1, 5, 3, 4, 10, 33, 3, 4, 18, 11, 32, 6, 2, 1, 99, 91, 33, 9, 2, 12, 37, 16, 36, 1, 5, 9, 9, 6, 15, 7, 2, 14, 57, 6, 7, 13, 1, 1, 5, 7, 5, 7, 2, 47, 17, 1, 5, 18, 1, 1, 1, 3, 1, 1, 5, 2, 19, 10, 1, 12, 11, 5, 2, 2, 3, 23, 6, 18, 1, 1, 42, 2, 1, 1, 0, 12, 6, 0, 7, 4, 9, 1, 6, 1, 0, 17, 3, 0, 2, 1, 0, 0, 1, 14, 12, 48, 20, 3, 20, 58, 0, 15, 0, 26, 0, 103, 2, 16, 15, 0, 7, 16, 12, 3, 29, 6, 9, 6, 5, 9, 0, 9, 35, 9, 1, 12]"
Pursuits of Happiness,0.1090740268725194,0.07401776936241489,0.8856278985405183,0.0,1983-1987,1981,575,109852,"[3, 8, 2, 2, 2, 2, 2, 3, 14, 5, 14, 51, 7, 20, 5, 6, 1, 12, 1, 4, 5, 6, 22, 10, 8, 6, 41, 11, 1, 8, 21, 12, 5, 6, 4, 50, 2, 4, 12, 2, 4, 2, 7, 175, 14, 4, 5, 4, 9, 13, 12, 21, 7, 1, 4, 4, 5, 5, 9, 31, 4, 22, 7, 25, 10, 1, 15, 18, 26, 8, 1, 3, 33, 24, 1, 150, 2, 14, 2, 1, 1, 26, 70, 4, 5, 12, 22, 8, 24, 9, 26, 3, 6, 2, 11, 4, 23, 6, 2, 18, 20, 2, 18, 5, 4, 8, 15, 10, 3, 8, 2, 15, 2, 1, 8, 16, 48, 24, 82, 6, 16, 22, 10, 11, 4, 46, 14, 20, 1, 16, 68, 16, 10, 59, 6, 89, 126, 269, 10, 15, 6, 26, 7, 14, 8, 3, 33, 1, 28, 7, 4, 98, 26, 25, 11, 5, 21, 5, 36, 22, 8, 2, 2, 3, 11, 12, 5, 23, 2, 8, 14, 18, 5, 11, 6, 8, 3, 59, 9, 138, 8, 4, 4, 29, 1, 93, 27, 1, 1, 23, 7, 4, 32, 7, 7, 14, 2, 13, 3, 16, 25, 82, 7, 3, 62, 4, 4, 24, 10, 125, 2, 9, 4, 5, 32, 37, 25, 7, 195, 62, 10, 18, 6, 32, 72, 1, 2, 1, 0, 6, 14, 11, 16, 259, 37, 17, 6, 78, 12, 5, 4, 1, 5, 42, 13, 2, 5, 2, 2, 2, 10, 30, 10, 191, 18, 4, 11, 4, 5, 21, 13, 61, 4, 38, 53, 6, 8, 35, 10, 22, 29, 3, 20, 3, 4, 23, 3, 25, 31, 12, 41, 3, 13, 28, 5, 36, 1, 2, 2, 2, 2, 2, 2, 7, 11, 19, 27, 18, 24, 29, 37, 40, 14, 15, 5, 3, 7, 36, 7, 4, 9, 11, 2, 11, 17, 17, 13, 13, 9, 32, 1, 25, 225, 12, 8, 56, 9, 4, 18, 39, 16, 13, 11, 11, 5, 2, 2, 39, 2, 3, 18, 73, 50, 3, 1, 11, 3, 4, 2, 63, 11, 4, 9, 12, 11, 47, 31, 19, 83, 47, 4, 3, 27, 9, 5, 20, 21, 17, 3, 50, 48, 8, 10, 5, 4, 2, 2, 2, 2, 2, 6, 290, 12, 11, 14, 6, 5, 15, 28, 5, 26, 11, 8, 1, 6, 4, 2, 23, 8, 8, 65, 33, 5, 2, 22, 4, 2, 2, 10, 17, 11, 8, 4, 8, 21, 1, 26, 17, 6, 7, 3, 5, 2, 2, 88, 19, 4, 33, 3, 16, 4, 111, 22, 17, 59, 94, 1, 88, 4, 3, 123, 22, 2, 5, 4, 38, 19, 72, 2, 2, 14, 4, 31, 34, 16, 5, 37, 3, 2, 16, 8, 17, 4, 7, 218, 68, 25, 81, 21, 8, 7, 5, 11, 10, 21, 5, 1, 2, 2, 3, 2, 1, 9, 1, 1, 1, 1, 15, 5, 263, 15, 60, 5, 12, 113, 4, 4, 11, 27, 21, 22, 161, 140, 1, 15, 19, 1, 1, 4, 52, 5, 23, 56, 3, 3, 81, 3, 47, 219, 3, 68, 3, 3, 11, 5, 2, 4, 12, 2, 103, 2, 2, 8, 49, 6, 7, 10, 57, 6, 6, 9, 8, 29, 17, 2, 2, 3, 3, 36, 11, 4, 1, 9, 16, 19, 2, 7, 3, 1, 8, 98, 7, 8, 5, 15, 10, 19, 4, 15, 3, 1, 1, 1, 1, 21]"
The Senses of Walden (1981),0.09711926433330205,0.06315098057614714,0.5831911507195651,2.046579526191417e-181,1983-1987,1981,62,10657,"[1, 34, 3, 3, 2, 24, 2, 2, 11, 10, 3, 2, 7, 29, 10, 2, 2, 4, 3, 102, 10, 16, 10, 101, 6, 1, 1, 18, 39, 44, 1, 1, 21, 11, 1, 7, 4, 1, 10, 8, 19, 14, 34, 16, 7, 2, 1, 4, 1, 1, 59, 9, 48, 34, 164, 1, 1, 2, 2, 3, 27, 19]"
Themes Out of School,0.09542021595101505,0.05726178748720326,0.86979073674441,0.0,1983-1987,1984,636,103542,"[5, 5, 5, 6, 6, 6, 63, 16, 14, 3, 4, 4, 16, 3, 24, 15, 12, 5, 12, 4, 24, 71, 18, 21, 155, 2, 26, 6, 8, 6, 7, 5, 5, 1, 31, 7, 3, 7, 7, 4, 4, 13, 5, 4, 1, 2, 27, 10, 28, 4, 3, 31, 1, 22, 1, 70, 11, 13, 10, 7, 1, 2, 3, 3, 17, 5, 22, 10, 3, 2, 6, 3, 13, 6, 11, 21, 3, 8, 9, 3, 21, 3, 1, 41, 5, 7, 8, 19, 20, 2, 3, 32, 2, 15, 15, 7, 1, 2, 5, 2, 2, 3, 9, 4, 5, 14, 14, 5, 9, 6, 9, 5, 54, 221, 32, 17, 55, 30, 16, 2, 2, 2, 37, 13, 9, 2, 5, 2, 4, 16, 2, 2, 1, 2, 1, 2, 2, 27, 2, 4, 4, 3, 1, 16, 42, 10, 7, 1, 3, 15, 3, 32, 6, 5, 2, 10, 9, 4, 14, 9, 2, 8, 5, 1, 1, 1, 1, 0, 0, 1, 1, 6, 0, 6, 22, 0, 0, 1, 5, 0, 17, 5, 1, 3, 1, 0, 29, 4, 4, 45, 8, 10, 43, 26, 18, 10, 18, 5, 28, 2, 33, 1, 77, 6, 1, 9, 0, 6, 1, 1, 131, 9, 9, 10, 1, 0, 223, 4, 1, 5, 3, 15, 5, 8, 1, 16, 2, 16, 14, 8, 11, 16, 10, 1, 4, 7, 6, 54, 7, 14, 20, 4, 1, 0, 3, 0, 1, 4, 9, 20, 78, 3, 1, 2, 7, 1, 24, 91, 2, 6, 20, 4, 2, 3, 8, 4, 4, 2, 1, 16, 28, 8, 38, 0, 121, 14, 1, 14, 32, 2, 2, 2, 8, 6, 6, 18, 1, 7, 3, 3, 1, 7, 1, 1, 43, 18, 31, 2, 8, 9, 10, 4, 10, 3, 1, 14, 7, 2, 27, 125, 3, 5, 11, 5, 35, 11, 71, 19, 18, 12, 7, 315, 246, 6, 17, 8, 49, 16, 21, 15, 22, 8, 3, 198, 12, 14, 35, 1, 6, 1, 8, 3, 7, 1, 2, 3, 26, 9, 4, 63, 59, 114, 3, 10, 3, 3, 10, 16, 1, 20, 1, 12, 3, 4, 4, 19, 78, 8, 20, 2, 2, 2, 44, 13, 4, 2, 8, 12, 1, 1, 11, 16, 39, 54, 4, 7, 2, 6, 17, 4, 6, 31, 29, 34, 2, 2, 3, 8, 3, 18, 41, 7, 29, 4, 16, 5, 35, 2, 8, 4, 21, 2, 1, 51, 14, 2, 7, 64, 9, 6, 4, 22, 2, 3, 26, 17, 9, 21, 3, 11, 8, 10, 4, 7, 2, 9, 2, 2, 29, 6, 22, 5, 5, 30, 4, 4, 8, 2, 4, 57, 41, 2, 22, 23, 1, 6, 35, 17, 122, 75, 11, 6, 5, 3, 2, 2, 1, 7, 190, 28, 6, 7, 15, 24, 30, 19, 14, 2, 13, 10, 1, 8, 11, 12, 5, 14, 3, 0, 1, 4, 1, 12, 28, 7, 5, 17, 9, 1, 7, 5, 13, 11, 4, 17, 12, 6, 16, 3, 11, 3, 2, 2, 6, 2, 1, 3, 2, 9, 3, 11, 3, 1, 42, 9, 1, 3, 7, 5, 13, 11, 1, 7, 15, 10, 2, 28, 11, 1, 1, 25, 1, 3, 23, 2, 2, 2, 1, 8, 15, 8, 3, 12, 9, 8, 8, 5, 9, 43, 12, 2, 29, 15, 5, 94, 57, 63, 24, 6, 1, 27, 4, 16, 11, 2, 5, 6, 10, 2, 25, 10, 4, 5, 2, 16, 15, 8, 14, 13, 199, 138, 2, 11, 1, 2, 5, 14, 1, 6, 50, 4, 5, 3, 6, 1, 1, 4, 1, 4, 9, 30, 238, 4, 7, 11, 11, 4, 6, 18, 1, 10, 9, 4, 8, 2, 81, 3, 8, 2, 5, 2, 44, 1, 2, 55, 19, 4]"
This New Yet Unapproachable America,0.14766793633176098,0.09202129001336933,0.864659150790766,0.0,1988-2004,1988,412,39643,"[10, 7, 61, 6, 2, 2, 1, 1, 64, 2, 27, 1, 12, 2, 38, 6, 6, 3, 15, 3, 1, 5, 3, 2, 3, 33, 3, 5, 1, 1, 1, 11, 10, 5, 22, 3, 7, 40, 3, 4, 5, 2, 16, 1, 2, 10, 2, 1, 13, 59, 2, 4, 15, 1, 39, 4, 12, 7, 45, 67, 0, 14, 2, 33, 1, 42, 49, 7, 1, 1, 5, 1, 6, 1, 10, 1, 2, 2, 4, 32, 3, 25, 1, 4, 5, 2, 2, 0, 9, 68, 17, 24, 1, 21, 1, 1, 2, 24, 3, 4, 11, 6, 7, 1, 5, 3, 1, 1, 1, 45, 2, 1, 5, 2, 1, 5, 1, 1, 1, 28, 11, 8, 13, 3, 8, 2, 3, 5, 3, 5, 16, 11, 5, 5, 9, 14, 8, 4, 3, 2, 9, 14, 3, 4, 29, 2, 25, 2, 1, 3, 2, 18, 9, 7, 58, 8, 3, 1, 5, 78, 3, 1, 1, 3, 5, 10, 11, 3, 9, 11, 3, 3, 1, 5, 36, 7, 3, 1, 5, 15, 4, 5, 1, 3, 5, 1, 6, 3, 23, 18, 1, 2, 1, 5, 2, 2, 2, 1, 85, 1, 1, 1, 7, 2, 20, 2, 6, 7, 10, 11, 4, 10, 9, 110, 13, 6, 5, 4, 1, 8, 8, 10, 42, 4, 7, 2, 7, 2, 2, 2, 3, 11, 3, 14, 11, 6, 20, 1, 79, 12, 4, 12, 2, 6, 8, 41, 19, 1, 49, 20, 132, 6, 4, 199, 43, 5, 31, 6, 11, 1, 11, 1, 4, 13, 3, 16, 1, 17, 16, 9, 8, 2, 8, 2, 6, 3, 31, 13, 13, 1, 20, 108, 6, 179, 10, 106, 3, 7, 94, 4, 125, 6, 7, 7, 4, 4, 1, 3, 18, 4, 13, 5, 21, 2, 6, 14, 17, 1, 14, 1, 4, 6, 3, 29, 12, 5, 1, 11, 26, 3, 43, 1, 37, 14, 5, 65, 8, 34, 4, 2, 2, 3, 20, 3, 2, 1, 3, 8, 5, 5, 3, 1, 10, 10, 8, 15, 3, 3, 6, 2, 11, 10, 6, 11, 12, 1, 3, 1, 35, 3, 8, 281, 191, 2, 3, 3, 11, 4, 1, 11, 7, 18, 13, 46, 2, 49, 19, 23, 15, 52, 3, 4, 17, 15, 65, 46, 23, 4, 1, 22, 5, 5, 5, 4, 7, 7, 8, 9, 5, 10, 76, 2, 6, 9, 7, 49, 2, 9, 4, 14, 2, 36]"
In Quest of the Ordinary,0.10696448709981818,0.05035789086054915,0.8827061558555509,0.0,1988-2004,1988,751,86898,"[13, 1, 29, 4, 3, 3, 1, 1, 4, 2, 5, 3, 3, 11, 18, 10, 25, 6, 1, 22, 37, 3, 14, 9, 2, 10, 4, 11, 4, 14, 11, 5, 2, 12, 9, 2, 42, 1, 2, 19, 16, 21, 1, 6, 12, 4, 4, 3, 3, 12, 4, 12, 9, 7, 202, 1, 2, 18, 12, 10, 15, 10, 3, 7, 29, 5, 1, 26, 4, 10, 2, 56, 53, 5, 2, 2, 54, 17, 9, 1, 6, 21, 5, 1, 2, 1, 4, 5, 2, 1, 1, 3, 1, 1, 18, 7, 1, 9, 174, 3, 35, 2, 11, 7, 1, 1, 11, 14, 16, 8, 9, 5, 5, 23, 10, 18, 14, 7, 3, 2, 4, 18, 23, 7, 10, 1, 1, 67, 10, 5, 1, 1, 1, 2, 8, 7, 5, 1, 50, 1, 2, 7, 4, 5, 3, 6, 3, 2, 1, 14, 7, 7, 5, 42, 1, 12, 4, 7, 13, 10, 3, 6, 17, 3, 0, 22, 4, 6, 3, 5, 20, 3, 2, 77, 10, 27, 4, 8, 10, 12, 5, 11, 10, 4, 8, 2, 14, 7, 92, 7, 16, 2, 6, 177, 1, 2, 18, 25, 17, 33, 3, 20, 1, 3, 10, 12, 6, 1, 20, 47, 2, 13, 12, 80, 4, 16, 6, 38, 7, 3, 4, 5, 9, 8, 40, 17, 10, 9, 2, 14, 13, 2, 21, 5, 12, 1, 27, 26, 6, 6, 12, 10, 2, 2, 7, 3, 313, 14, 5, 7, 5, 14, 32, 1, 3, 2, 27, 13, 0, 55, 8, 12, 4, 1, 5, 4, 5, 7, 7, 7, 1, 16, 4, 7, 31, 15, 4, 2, 6, 8, 20, 19, 21, 16, 14, 12, 3, 14, 17, 8, 6, 9, 7, 10, 17, 58, 11, 58, 8, 4, 5, 7, 71, 6, 5, 32, 4, 21, 1, 1, 61, 2, 1, 1, 14, 6, 5, 5, 7, 22, 1, 1, 1, 7, 1, 24, 5, 15, 8, 4, 6, 3, 2, 21, 1, 2, 14, 11, 26, 5, 28, 4, 5, 33, 23, 16, 2, 9, 4, 17, 5, 4, 1, 2, 3, 6, 4, 5, 27, 2, 3, 9, 3, 6, 1, 5, 5, 1, 27, 9, 21, 17, 12, 3, 3, 3, 23, 8, 1, 7, 7, 16, 7, 1, 10, 8, 2, 26, 42, 38, 3, 19, 14, 15, 9, 9, 6, 21, 1, 9, 8, 10, 13, 142, 13, 14, 7, 12, 4, 12, 3, 5, 4, 2, 6, 12, 5, 11, 8, 8, 2, 70, 37, 1, 7, 9, 24, 1, 3, 2, 139, 2, 2, 1, 19, 27, 2, 4, 6, 12, 2, 6, 6, 1, 29, 45, 3, 12, 3, 3, 14, 13, 3, 3, 11, 1, 22, 6, 12, 1, 14, 45, 3, 1, 25, 1, 4, 4, 12, 3, 11, 2, 2, 77, 1, 2, 3, 31, 2, 7, 6, 14, 1, 1, 30, 4, 6, 16, 12, 1, 1, 33, 5, 4, 12, 6, 5, 7, 4, 8, 4, 3, 19, 1, 9, 2, 1, 6, 3, 3, 25, 13, 31, 5, 13, 1, 10, 6, 5, 21, 15, 2, 4, 6, 6, 21, 25, 5, 1, 1, 7, 8, 8, 5, 13, 3, 43, 5, 21, 13, 5, 1, 7, 5, 2, 1, 9, 5, 9, 3, 3, 6, 1, 2, 1, 14, 1, 4, 5, 9, 62, 22, 9, 1, 1, 2, 5, 20, 2, 5, 5, 6, 5, 12, 17, 38, 8, 15, 13, 3, 4, 11, 11, 4, 2, 3, 7, 3, 7, 57, 2, 18, 14, 1, 1, 4, 6, 3, 1, 1, 2, 6, 2, 3, 42, 1, 5, 4, 3, 5, 22, 35, 1, 9, 2, 8, 10, 9, 8, 8, 1, 5, 12, 4, 23, 2, 15, 4, 5, 6, 6, 23, 5, 2, 2, 12, 1, 1, 4, 5, 1, 1, 1, 26, 24, 1, 144, 2, 12, 21, 49, 8, 2, 6, 36, 13, 5, 9, 6, 2, 7, 1, 0, 3, 4, 11, 6, 17, 23, 8, 11, 6, 3, 1, 10, 6, 14, 6, 7, 1, 14, 3, 4, 19, 39, 13, 2, 2, 2, 3, 56, 8, 8, 5, 31, 4, 33, 9, 3, 2, 12, 5, 6, 9, 7, 2, 21, 27, 1, 2, 3, 56, 3, 4, 28, 39, 4, 27, 8, 4, 17, 4, 5, 3, 11, 4, 97, 4, 35, 4, 9, 6, 5, 7, 6, 3, 3, 4, 8, 5, 6, 57, 135, 16, 17, 7, 3, 24, 2, 10, 13]"
Conditions Handsome and Unhandsome,0.12717495316522232,0.06141757753008882,0.89751801415836,0.0,1988-2004,1990,779,74197,"[10, 3, 3, 13, 1, 49, 4, 36, 8, 8, 8, 3, 1, 5, 3, 1, 28, 4, 2, 2, 1, 7, 1, 14, 2, 1, 3, 1, 3, 1, 1, 61, 14, 2, 10, 5, 4, 1, 4, 14, 5, 1, 4, 11, 1, 4, 20, 11, 19, 1, 12, 34, 6, 10, 10, 13, 40, 9, 23, 1, 6, 85, 17, 8, 16, 3, 3, 1, 4, 49, 23, 3, 17, 212, 8, 11, 4, 4, 66, 2, 97, 22, 7, 1, 3, 5, 2, 1, 44, 51, 4, 1, 2, 29, 1, 16, 6, 1, 4, 3, 42, 1, 2, 4, 3, 7, 4, 4, 3, 2, 20, 8, 9, 1, 10, 5, 3, 5, 55, 31, 2, 3, 2, 7, 15, 5, 2, 8, 1, 1, 1, 12, 21, 6, 2, 26, 1, 57, 49, 2, 63, 9, 13, 7, 3, 3, 2, 12, 13, 145, 2, 2, 4, 4, 5, 9, 1, 2, 85, 2, 2, 1, 1, 128, 3, 0, 3, 3, 1, 1, 4, 27, 5, 1, 2, 42, 42, 14, 3, 2, 5, 13, 15, 16, 21, 17, 59, 27, 1, 12, 1, 0, 10, 4, 10, 2, 2, 21, 5, 5, 12, 11, 9, 1, 1, 3, 11, 7, 67, 37, 6, 46, 10, 20, 7, 2, 36, 23, 8, 11, 4, 1, 11, 4, 1, 1, 4, 8, 24, 4, 1, 16, 27, 7, 3, 42, 151, 1, 30, 18, 1, 4, 4, 3, 3, 3, 3, 26, 1, 11, 15, 5, 6, 2, 22, 1, 11, 8, 1, 4, 1, 1, 6, 6, 12, 10, 9, 15, 7, 18, 3, 7, 3, 5, 2, 1, 1, 20, 10, 1, 2, 40, 7, 48, 15, 1, 2, 11, 67, 3, 2, 6, 7, 6, 2, 8, 5, 5, 2, 4, 6, 12, 38, 1, 27, 1, 114, 10, 89, 1, 4, 3, 100, 3, 3, 3, 16, 2, 15, 4, 6, 1, 0, 0, 33, 10, 4, 8, 6, 7, 1, 5, 10, 6, 21, 2, 4, 1, 4, 2, 9, 15, 8, 62, 2, 24, 9, 13, 9, 4, 22, 8, 4, 3, 4, 1, 5, 6, 2, 12, 1, 1, 3, 2, 1, 1, 21, 6, 5, 7, 2, 5, 3, 4, 10, 19, 30, 5, 23, 23, 4, 9, 3, 6, 69, 3, 80, 3, 7, 6, 12, 6, 0, 1, 49, 17, 19, 3, 1, 1, 1, 2, 38, 34, 1, 12, 5, 2, 7, 14, 3, 6, 7, 20, 3, 3, 2, 11, 3, 8, 4, 9, 2, 3, 15, 2, 3, 1, 1, 6, 2, 5, 17, 2, 2, 2, 11, 4, 6, 7, 28, 1, 5, 13, 1, 1, 55, 4, 1, 7, 15, 8, 19, 7, 4, 10, 3, 12, 1, 1, 2, 9, 2, 22, 1, 1, 145, 1, 1, 1, 4, 1, 63, 2, 1, 1, 23, 5, 4, 24, 2, 2, 1, 1, 1, 1, 1, 1, 10, 4, 1, 6, 5, 15, 2, 2, 2, 1, 1, 1, 4, 5, 6, 2, 36, 8, 1, 1, 12, 16, 2, 26, 1, 2, 8, 1, 1, 2, 1, 6, 8, 23, 25, 35, 14, 4, 6, 0, 26, 5, 3, 7, 2, 2, 3, 10, 53, 5, 5, 3, 12, 2, 4, 9, 12, 45, 1, 4, 3, 3, 3, 40, 50, 5, 104, 1, 6, 4, 3, 2, 71, 9, 17, 25, 23, 0, 8, 2, 3, 1, 1, 92, 2, 4, 4, 1, 4, 1, 5, 10, 18, 5, 13, 68, 8, 13, 5, 37, 13, 13, 5, 1, 2, 3, 4, 1, 5, 1, 1, 5, 17, 4, 11, 21, 26, 6, 41, 14, 11, 24, 2, 1, 2, 3, 27, 2, 15, 68, 8, 2, 4, 2, 2, 9, 6, 9, 3, 2, 1, 1, 5, 11, 15, 7, 7, 19, 12, 36, 21, 18, 17, 2, 14, 1, 15, 32, 13, 20, 7, 17, 10, 12, 22, 9, 12, 4, 1, 1, 2, 48, 4, 4, 3, 5, 5, 20, 40, 1, 8, 3, 10, 27, 6, 8, 1, 19, 6, 12, 1, 1, 1, 1, 6, 1, 5, 7, 6, 39, 3, 1, 1, 1, 40, 2, 3, 3, 1, 5, 4, 27, 125, 6, 6, 9, 5, 5, 5, 14, 7, 8, 55, 10, 2, 60, 34, 9, 5, 7, 1, 8, 36, 21, 3, 4, 110, 1, 1, 2, 1, 3, 15, 13, 1, 1, 6, 13, 7, 1, 30, 36, 5, 8, 16, 7, 1, 1, 2, 35, 10, 15, 16, 5, 7, 5, 39, 1, 2, 3, 2, 3, 11, 8, 14, 4, 32, 16, 3, 2, 2, 12, 1, 1, 20, 2, 6, 3, 17, 6, 5]"
A Pitch of Philosophy,0.12702235039653928,0.06547945205479452,0.8629263847468901,0.0,1988-2004,1994,600,69350,"[1, 7, 18, 9, 32, 11, 1, 18, 4, 7, 11, 21, 3, 23, 2, 1, 1, 1, 10, 8, 3, 1, 11, 27, 3, 54, 5, 8, 13, 86, 1, 38, 9, 16, 32, 1, 14, 26, 14, 12, 37, 1, 40, 7, 15, 25, 25, 38, 62, 5, 52, 19, 12, 107, 7, 40, 30, 52, 3, 4, 15, 14, 44, 5, 4, 139, 2, 35, 10, 25, 65, 1, 14, 16, 4, 29, 6, 27, 21, 7, 2, 20, 3, 12, 106, 3, 4, 59, 23, 24, 19, 5, 16, 1, 1, 1, 9, 5, 38, 10, 49, 76, 5, 26, 6, 3, 21, 2, 6, 34, 14, 13, 25, 69, 18, 4, 20, 13, 17, 5, 7, 6, 6, 7, 10, 4, 1, 3, 44, 3, 3, 0, 38, 2, 2, 13, 6, 3, 6, 2, 6, 6, 2, 17, 175, 2, 4, 4, 15, 6, 13, 3, 4, 1, 2, 1, 11, 4, 2, 3, 12, 10, 12, 6, 1, 2, 2, 5, 1, 4, 5, 1, 1, 3, 1, 2, 8, 1, 6, 2, 9, 8, 103, 70, 14, 1, 3, 6, 14, 0, 3, 4, 25, 5, 4, 5, 1, 41, 20, 39, 2, 12, 6, 1, 2, 3, 4, 11, 2, 15, 1, 1, 1, 4, 7, 1, 4, 5, 10, 3, 3, 2, 4, 6, 23, 2, 8, 3, 3, 2, 62, 15, 2, 271, 4, 4, 1, 1, 2, 1, 2, 1, 28, 6, 9, 79, 38, 5, 17, 2, 36, 20, 1, 7, 1, 3, 3, 3, 116, 1, 3, 2, 62, 5, 20, 6, 9, 9, 33, 1, 7, 7, 26, 7, 18, 3, 2, 2, 7, 2, 4, 3, 32, 1, 21, 9, 8, 2, 11, 2, 20, 6, 5, 5, 2, 18, 2, 8, 3, 7, 47, 44, 12, 2, 9, 10, 33, 5, 41, 3, 2, 12, 5, 0, 4, 61, 76, 8, 4, 7, 8, 6, 3, 19, 6, 4, 2, 3, 117, 9, 2, 3, 2, 3, 7, 5, 7, 2, 6, 7, 1, 3, 14, 4, 9, 7, 20, 69, 1, 3, 1, 14, 1, 1, 2, 9, 6, 4, 21, 4, 16, 13, 3, 6, 7, 2, 1, 6, 9, 5, 4, 3, 76, 1, 9, 12, 6, 1, 4, 23, 14, 4, 11, 4, 39, 5, 1, 45, 3, 29, 44, 1, 3, 5, 6, 4, 99, 20, 19, 3, 22, 5, 1, 1, 5, 7, 4, 6, 6, 41, 10, 6, 1, 4, 1, 49, 13, 13, 1, 4, 19, 21, 3, 7, 7, 6, 9, 44, 5, 1, 68, 11, 7, 3, 1, 5, 2, 24, 25, 2, 8, 24, 18, 13, 3, 9, 1, 11, 4, 11, 7, 7, 4, 8, 13, 19, 37, 48, 19, 10, 7, 6, 12, 12, 4, 1, 10, 10, 3, 10, 1, 11, 1, 19, 5, 3, 9, 5, 31, 10, 7, 3, 21, 15, 2, 9, 9, 13, 8, 2, 3, 19, 18, 9, 7, 43, 15, 9, 29, 5, 13, 32, 4, 4, 8, 26, 1, 1, 1, 181, 6, 8, 9, 1, 6, 5, 4, 114, 10, 13, 2, 2, 21, 1, 19, 11, 13, 2, 3, 5, 10, 2, 28, 2, 5, 5, 25, 5, 6, 10, 22, 28, 36, 4, 6, 57, 59, 6, 13, 38, 8, 7, 3, 8, 1, 3, 27, 4, 13, 222, 22, 38, 21, 15, 21, 2, 1, 4, 0, 1, 4, 29, 29, 1, 33, 1, 6, 19, 4, 1, 4, 4, 5, 50, 4, 4, 6, 6, 16, 44, 3, 1, 27, 8, 13, 7, 5, 12, 8, 2]"
Philosophical Passages,0.14782478172766617,0.06439346558927275,0.8710882618775244,0.0,1988-2004,1995,425,39973,"[7, 19, 3, 1, 2, 3, 4, 7, 19, 6, 2, 2, 5, 3, 5, 8, 7, 2, 104, 1, 2, 6, 23, 8, 10, 13, 26, 70, 1, 17, 2, 65, 12, 1, 14, 7, 1, 7, 1, 1, 15, 1, 4, 35, 3, 20, 3, 47, 7, 5, 5, 10, 12, 2, 5, 1, 1, 2, 7, 1, 8, 3, 1, 71, 3, 5, 5, 28, 1, 1, 4, 90, 6, 8, 7, 17, 26, 7, 6, 4, 63, 11, 4, 1, 10, 3, 13, 10, 58, 8, 29, 9, 20, 40, 1, 5, 6, 3, 1, 2, 3, 4, 3, 1, 1, 1, 4, 7, 66, 3, 2, 5, 8, 10, 12, 7, 20, 47, 17, 2, 36, 20, 1, 2, 6, 1, 3, 2, 8, 3, 116, 1, 21, 7, 5, 7, 26, 12, 2, 12, 1, 11, 2, 1, 2, 3, 3, 28, 13, 6, 7, 3, 58, 230, 3, 1, 1, 3, 5, 22, 13, 6, 11, 47, 11, 4, 2, 6, 6, 16, 32, 12, 8, 5, 7, 6, 4, 11, 11, 2, 1, 1, 1, 10, 15, 7, 1, 1, 1, 7, 7, 7, 1, 35, 8, 5, 27, 8, 6, 29, 23, 6, 2, 3, 1, 2, 4, 12, 5, 52, 3, 15, 7, 2, 2, 5, 5, 2, 4, 5, 2, 4, 24, 78, 6, 19, 25, 1, 1, 2, 7, 8, 9, 8, 18, 18, 48, 1, 3, 37, 27, 4, 13, 17, 70, 7, 40, 64, 19, 23, 15, 3, 3, 33, 12, 15, 28, 2, 4, 5, 1, 6, 62, 6, 1, 7, 5, 22, 2, 15, 46, 3, 1, 14, 5, 17, 49, 2, 4, 25, 5, 18, 18, 1, 36, 6, 9, 7, 9, 8, 5, 6, 4, 3, 24, 25, 13, 5, 11, 4, 8, 4, 1, 1, 31, 14, 5, 3, 5, 1, 1, 56, 45, 1, 1, 1, 8, 1, 3, 7, 11, 1, 1, 11, 2, 4, 6, 1, 11, 10, 13, 4, 32, 81, 273, 10, 47, 4, 67, 7, 1, 2, 3, 2, 12, 24, 2, 31, 14, 4, 38, 13, 5, 1, 9, 1, 5, 1, 1, 2, 11, 15, 7, 2, 5, 1, 13, 5, 20, 24, 11, 5, 2, 2, 98, 2, 7, 2, 1, 6, 7, 2, 13, 47, 2, 38, 17, 21, 2, 2, 141, 15, 13, 1, 7, 13, 1, 19, 12, 1, 2, 8, 1, 4, 16, 9, 6, 11, 7, 1, 10, 10, 7, 1, 24, 3, 12, 25, 7, 1, 4, 124, 1, 44, 5]"
Contesting Tears,0.1239454094292804,0.05588766072637041,0.8681601193777003,0.0,1988-2004,1996,877,88660,"[22, 4, 4, 2, 1, 1, 40, 8, 41, 6, 10, 10, 8, 27, 10, 7, 7, 19, 30, 22, 6, 5, 15, 7, 102, 9, 21, 38, 5, 3, 5, 14, 5, 9, 17, 12, 4, 2, 14, 11, 13, 6, 71, 3, 8, 2, 2, 5, 2, 1, 1, 10, 6, 6, 3, 2, 2, 17, 1, 10, 12, 11, 2, 8, 10, 2, 2, 9, 2, 92, 2, 7, 2, 83, 17, 9, 66, 1, 7, 4, 5, 8, 2, 24, 15, 23, 0, 7, 2, 54, 6, 3, 18, 2, 5, 1, 2, 27, 15, 3, 2, 2, 2, 2, 9, 8, 60, 21, 5, 17, 7, 4, 2, 32, 3, 22, 1, 7, 1, 1, 2, 15, 4, 103, 12, 10, 12, 35, 3, 1, 6, 5, 19, 1, 7, 17, 10, 8, 2, 2, 2, 5, 16, 1, 4, 5, 3, 3, 3, 4, 88, 1, 27, 2, 5, 30, 2, 30, 26, 40, 2, 15, 18, 1, 11, 46, 2, 4, 5, 4, 37, 12, 7, 136, 15, 4, 9, 9, 17, 44, 4, 61, 29, 8, 9, 8, 20, 4, 27, 31, 24, 9, 6, 10, 23, 7, 143, 6, 2, 49, 24, 9, 3, 4, 90, 6, 14, 2, 21, 4, 13, 16, 4, 24, 12, 12, 15, 2, 7, 22, 7, 4, 21, 7, 18, 4, 1, 33, 5, 0, 34, 2, 11, 31, 6, 2, 2, 4, 65, 20, 5, 2, 2, 2, 32, 16, 3, 8, 2, 2, 0, 0, 5, 91, 20, 4, 2, 2, 24, 1, 13, 3, 7, 9, 6, 8, 5, 1, 43, 16, 58, 3, 2, 6, 22, 2, 1, 27, 9, 1, 12, 2, 21, 7, 1, 58, 9, 15, 3, 5, 5, 2, 6, 10, 4, 60, 12, 4, 3, 2, 54, 5, 14, 12, 11, 7, 4, 5, 9, 9, 5, 11, 5, 3, 3, 4, 86, 13, 5, 5, 19, 20, 8, 8, 8, 18, 9, 9, 3, 6, 4, 5, 2, 8, 2, 84, 9, 34, 11, 6, 14, 3, 1, 2, 18, 4, 132, 10, 4, 1, 6, 5, 12, 3, 5, 4, 48, 12, 15, 4, 55, 16, 28, 3, 13, 1, 10, 0, 1, 2, 2, 3, 1, 1, 9, 26, 5, 24, 1, 5, 1, 8, 4, 1, 1, 36, 3, 34, 7, 25, 20, 4, 7, 21, 2, 5, 1, 15, 7, 36, 10, 4, 1, 5, 9, 82, 1, 17, 1, 1, 2, 11, 5, 5, 7, 3, 9, 8, 6, 11, 5, 3, 4, 19, 9, 13, 2, 5, 28, 6, 5, 13, 9, 1, 2, 1, 31, 2, 7, 23, 2, 7, 14, 12, 1, 24, 19, 26, 4, 29, 2, 15, 12, 8, 5, 1, 70, 7, 1, 1, 6, 8, 6, 3, 1, 16, 22, 4, 9, 14, 16, 4, 8, 49, 1, 8, 51, 2, 6, 6, 4, 9, 27, 8, 39, 22, 1, 2, 4, 2, 1, 8, 3, 4, 1, 7, 12, 2, 11, 1, 2, 1, 4, 5, 17, 3, 7, 6, 11, 12, 61, 2, 1, 6, 6, 70, 4, 1, 3, 4, 15, 7, 85, 18, 19, 1, 7, 58, 13, 2, 2, 43, 17, 12, 4, 11, 36, 19, 29, 9, 5, 4, 7, 2, 1, 3, 3, 20, 10, 1, 6, 22, 2, 7, 5, 2, 3, 1, 2, 3, 1, 1, 9, 8, 1, 46, 4, 3, 17, 26, 1, 1, 1, 23, 23, 2, 3, 9, 2, 26, 12, 31, 14, 29, 8, 20, 12, 11, 3, 3, 21, 16, 30, 64, 45, 39, 9, 4, 2, 12, 1, 2, 4, 16, 7, 14, 3, 8, 1, 18, 1, 26, 9, 1, 13, 21, 2, 2, 2, 3, 7, 3, 1, 14, 31, 2, 2, 12, 12, 29, 49, 6, 40, 1, 1, 5, 1, 10, 5, 8, 23, 8, 6, 5, 19, 2, 1, 1, 1, 1, 28, 4, 3, 29, 2, 5, 1, 6, 5, 38, 6, 49, 16, 1, 2, 3, 40, 26, 34, 2, 3, 1, 1, 2, 4, 4, 3, 3, 2, 1, 12, 9, 2, 1, 59, 2, 1, 1, 14, 1, 24, 10, 4, 10, 1, 3, 15, 12, 1, 2, 7, 3, 2, 4, 16, 13, 74, 1, 5, 49, 1, 100, 27, 9, 2, 16, 22, 42, 3, 20, 7, 12, 1, 2, 14, 1, 19, 3, 2, 4, 34, 6, 18, 5, 4, 32, 9, 20, 28, 5, 1, 69, 26, 1, 4, 1, 4, 15, 1, 3, 3, 7, 2, 1, 58, 0, 9, 5, 2, 2, 2, 11, 2, 1, 5, 2, 1, 2, 14, 5, 1, 20, 2, 12, 1, 1, 1, 1, 1, 1, 1, 1, 1, 2, 7, 1, 8, 40, 6, 22, 32, 4, 12, 1, 36, 17, 14, 2, 0, 0, 3, 156, 41, 21, 9, 9, 13, 6, 18, 16, 18, 7, 25, 31, 3, 33, 5, 3, 6, 12, 23, 7, 4, 3, 6, 4, 15, 46, 9, 5, 2, 2, 12, 6, 22, 10, 38, 8, 1, 15, 9, 5, 1, 14, 4, 13, 7, 8, 4, 5, 23, 5, 15, 5, 26, 5, 4, 6, 5, 5, 8, 5, 14, 12, 2, 1, 1, 1, 2, 11, 5, 5, 1, 8, 3, 3, 2]"
Cities of Words,0.10483209246366744,0.05031940438256037,0.9064473671117318,0.0,1988-2004,2004,1583,198651,"[7, 5, 3, 3, 6, 7, 7, 20, 17, 4, 17, 19, 5, 2, 7, 34, 3, 2, 2, 14, 2, 2, 14, 9, 19, 14, 14, 4, 6, 4, 19, 3, 1, 26, 21, 13, 55, 14, 13, 8, 9, 6, 8, 7, 4, 4, 4, 4, 5, 13, 33, 11, 2, 2, 19, 7, 3, 6, 15, 27, 2, 11, 8, 72, 7, 26, 27, 10, 6, 10, 2, 10, 9, 12, 27, 15, 12, 29, 16, 72, 6, 9, 84, 33, 5, 4, 12, 40, 1, 8, 2, 2, 16, 1, 19, 24, 4, 51, 11, 14, 53, 4, 2, 116, 3, 3, 2, 7, 4, 8, 31, 4, 8, 3, 81, 24, 26, 1, 12, 5, 3, 4, 6, 14, 24, 3, 3, 2, 2, 8, 2, 2, 2, 2, 2, 2, 2, 7, 3, 3, 1, 3, 2, 6, 2, 13, 11, 13, 7, 20, 14, 14, 3, 4, 85, 15, 40, 3, 14, 20, 19, 13, 44, 12, 21, 70, 6, 18, 11, 35, 67, 1, 16, 7, 11, 22, 54, 28, 2, 3, 10, 9, 6, 25, 12, 58, 8, 1, 1, 63, 2, 11, 4, 7, 67, 3, 6, 5, 5, 3, 10, 35, 6, 11, 4, 2, 8, 12, 1, 1, 1, 5, 8, 66, 1, 13, 2, 4, 0, 2, 25, 7, 4, 1, 161, 10, 7, 7, 6, 12, 1, 6, 20, 4, 27, 12, 1, 14, 19, 1, 53, 6, 6, 1, 6, 1, 1, 7, 2, 2, 11, 7, 2, 2, 1, 9, 6, 2, 1, 3, 27, 1, 17, 2, 2, 16, 2, 2, 2, 9, 2, 11, 4, 1, 5, 4, 5, 9, 2, 11, 3, 15, 18, 4, 11, 18, 1, 3, 33, 19, 116, 13, 6, 14, 46, 16, 6, 35, 3, 4, 9, 42, 12, 29, 26, 8, 15, 13, 1, 2, 7, 11, 3, 10, 16, 7, 39, 15, 14, 6, 50, 16, 11, 20, 6, 67, 21, 13, 2, 2, 5, 3, 17, 1, 14, 7, 13, 117, 59, 6, 44, 5, 4, 9, 10, 22, 4, 1, 19, 1, 18, 6, 18, 14, 2, 13, 15, 1, 16, 25, 3, 2, 6, 2, 16, 6, 1, 5, 15, 42, 1, 1, 2, 11, 10, 2, 13, 13, 20, 2, 3, 9, 14, 28, 132, 10, 49, 6, 6, 10, 5, 25, 3, 1, 39, 1, 46, 5, 9, 17, 3, 14, 7, 2, 3, 2, 6, 6, 11, 13, 2, 10, 13, 8, 2, 12, 8, 3, 2, 5, 3, 6, 9, 8, 8, 50, 17, 17, 10, 13, 5, 2, 7, 5, 20, 1, 3, 3, 31, 7, 22, 3, 15, 15, 24, 71, 3, 5, 3, 13, 9, 4, 10, 15, 10, 12, 1, 1, 2, 6, 7, 8, 19, 8, 1, 11, 8, 5, 1, 6, 10, 24, 13, 8, 3, 3, 6, 7, 7, 5, 4, 5, 2, 10, 6, 3, 1, 1, 3, 1, 21, 120, 1, 10, 2, 1, 1, 2, 17, 18, 12, 41, 11, 2, 17, 5, 4, 0, 1, 3, 8, 38, 20, 16, 8, 5, 1, 1, 2, 12, 3, 25, 14, 1, 7, 7, 3, 3, 14, 2, 1, 7, 1, 6, 2, 4, 4, 3, 21, 6, 1, 20, 1, 5, 8, 15, 1, 4, 31, 10, 8, 7, 2, 40, 6, 5, 8, 21, 4, 28, 21, 2, 6, 2, 4, 7, 1, 10, 14, 71, 4, 25, 15, 9, 29, 4, 21, 11, 19, 69, 5, 6, 6, 6, 2, 4, 17, 70, 91, 22, 7, 29, 11, 24, 3, 10, 12, 3, 5, 11, 54, 4, 17, 9, 16, 3, 1, 8, 24, 1, 60, 8, 51, 4, 9, 4, 54, 3, 10, 1, 16, 15, 37, 3, 4, 21, 2, 7, 51, 26, 2, 26, 1, 4, 12, 8, 2, 20, 15, 7, 7, 8, 5, 19, 2, 17, 30, 3, 5, 20, 26, 2, 2, 1, 106, 12, 18, 5, 3, 8, 83, 6, 9, 8, 24, 7, 39, 2, 2, 24, 45, 4, 1, 3, 3, 9, 8, 13, 17, 27, 12, 13, 4, 2, 10, 1, 9, 15, 4, 12, 7, 17, 1, 2, 59, 14, 14, 13, 31, 46, 9, 8, 7, 3, 1, 6, 17, 40, 4, 3, 1, 12, 14, 9, 12, 63, 3, 1, 5, 2, 25, 2, 11, 62, 7, 14, 4, 1, 1, 71, 8, 3, 6, 12, 9, 12, 16, 9, 29, 45, 1, 4, 3, 13, 19, 37, 31, 1, 13, 1, 6, 113, 15, 4, 6, 2, 6, 11, 47, 1, 14, 3, 2, 1, 16, 22, 30, 3, 4, 29, 4, 34, 4, 78, 7, 19, 23, 14, 4, 3, 10, 2, 14, 2, 32, 0, 3, 4, 5, 3, 2, 2, 1, 2, 15, 11, 17, 1, 2, 3, 3, 4, 4, 4, 20, 98, 1, 22, 1, 12, 5, 9, 14, 74, 18, 5, 9, 34, 9, 9, 9, 14, 9, 8, 4, 18, 5, 1, 2, 13, 34, 44, 21, 39, 10, 1, 4, 9, 9, 17, 22, 10, 51, 11, 2, 5, 1, 2, 2, 8, 2, 2, 2, 6, 2, 64, 5, 18, 74, 26, 68, 7, 3, 7, 39, 14, 63, 22, 22, 5, 1, 15, 6, 6, 27, 7, 3, 4, 26, 7, 79, 12, 16, 1, 43, 15, 21, 17, 10, 2, 2, 38, 23, 2, 1, 4, 9, 18, 6, 27, 47, 6, 9, 18, 7, 6, 5, 6, 8, 8, 29, 5, 17, 20, 6, 1, 72, 22, 1, 18, 1, 12, 2, 7, 41, 9, 26, 14, 76, 2, 8, 19, 74, 7, 4, 2, 3, 40, 19, 21, 15, 22, 1, 1, 2, 9, 24, 2, 2, 22, 3, 1, 64, 28, 3, 16, 8, 7, 5, 35, 7, 9, 2, 20, 8, 100, 27, 6, 3, 2, 10, 10, 10, 4, 2, 11, 17, 12, 4, 2, 14, 7, 21, 30, 4, 6, 59, 3, 12, 18, 10, 53, 28, 16, 1, 32, 8, 2, 3, 6, 9, 4, 2, 12, 1, 8, 13, 1, 1, 31, 13, 15, 14, 1, 3, 15, 1, 1, 1, 5, 5, 2, 2, 0, 33, 1, 7, 1, 21, 17, 4, 14, 10, 2, 16, 16, 3, 57, 17, 13, 11, 1, 17, 1, 4, 8, 20, 2, 2, 24, 67, 22, 13, 3, 19, 5, 2, 1, 1, 1, 11, 9, 2, 11, 1, 7, 13, 14, 20, 11, 11, 12, 8, 5, 8, 1, 15, 1, 14, 2, 3, 11, 52, 10, 3, 9, 4, 2, 4, 2, 2, 2, 2, 8, 8, 3, 7, 11, 1, 8, 7, 1, 6, 46, 13, 4, 2, 7, 6, 6, 10, 21, 10, 1, 25, 3, 2, 3, 9, 44, 8, 10, 23, 11, 7, 10, 5, 2, 12, 43, 6, 7, 2, 1, 26, 8, 57, 0, 8, 6, 10, 4, 1, 6, 30, 1, 9, 10, 45, 10, 4, 11, 3, 7, 11, 4, 1, 13, 48, 5, 2, 16, 2, 2, 29, 22, 4, 45, 17, 1, 26, 4, 66, 25, 1, 1, 1, 26, 9, 10, 0, 2, 1, 13, 24, 2, 12, 1, 1, 3, 18, 77, 4, 2, 18, 0, 44, 1, 30, 55, 18, 3, 26, 8, 1, 7, 9, 7, 39, 24, 95, 1, 81, 9, 1, 1, 1, 15, 11, 1, 13, 2, 4, 10, 9, 0, 16, 5, 18, 1, 12, 2, 2, 2, 13, 15, 21, 11, 11, 13, 4, 8, 22, 6, 7, 11, 6, 19, 6, 3, 3, 2, 3, 9, 1, 6, 7, 15, 12, 11, 8, 1, 7, 4, 3, 6, 5, 23, 2, 1, 3, 1, 45, 1, 6, 5, 12, 1, 2, 27, 1, 5, 8, 3, 12, 26, 30, 9, 34, 5, 13, 3, 5, 23, 3, 3, 2, 7, 1, 1, 4, 1, 4, 4, 8, 11, 6, 7, 6, 11, 15, 9, 4, 3, 3, 1, 1, 39, 3, 1, 1, 16, 92, 7, 8, 1, 75, 12, 1, 1, 1, 4, 2, 6, 1, 7, 1, 1, 3, 2, 10, 52, 7, 2, 1, 13, 34, 30, 10, 38, 8, 5, 29, 8, 43, 9, 4, 22, 17, 24, 2, 2, 4, 31, 2, 31, 15, 4, 9, 1, 11, 13, 21, 2, 13, 5, 20, 11, 25, 4, 2, 30, 6, 27, 2, 5, 32, 4, 13, 18, 12, 1, 5, 27, 2, 7, 6, 6, 4, 7, 17, 1, 17, 5, 47, 8, 7, 2, 13, 1, 1, 1, 1, 28, 6, 31, 16, 16, 7, 7, 6, 1, 6, 12, 10, 5, 120, 3, 51, 36, 5, 4, 4, 4, 13, 25, 5, 14, 6, 6, 8, 2, 3, 6, 4, 27, 7, 1, 5, 15, 4, 3, 6, 10, 21, 11, 8, 3, 3, 7, 11, 14, 2, 1, 11, 6, 4, 4, 8, 25, 5, 51, 23, 0, 1, 1, 1, 7, 6, 6, 4, 1, 29, 9, 12, 5, 16, 8, 23, 24, 5, 7, 5, 34, 11, 11, 9, 10, 15, 32, 30, 75, 16, 22, 7, 4, 4, 9, 18, 17, 7, 27, 14, 14, 14, 9, 1, 2, 13, 58, 41, 23, 32, 4, 8, 28, 39, 15, 5, 1, 4, 28, 21, 3, 16, 1, 3, 8, 5, 24, 1, 45, 11, 8, 6, 13, 4, 14, 27, 11, 11, 18, 32, 19, 54, 17, 5, 13, 12, 10, 5, 1, 1, 2, 32, 3, 3, 0, 3, 3, 1, 28, 2, 1, 1, 16, 1, 7, 1, 3, 1, 1, 6]"
Philosophy the Day after Tomorrow,0.10916029099385303,0.04439160103013328,0.8734484601638282,0.0,2005-2010,2005,1003,106394,"[2, 15, 35, 9, 23, 22, 10, 1, 3, 13, 7, 2, 3, 21, 7, 19, 4, 1, 4, 5, 1, 1, 26, 3, 5, 7, 2, 36, 7, 12, 8, 3, 9, 6, 6, 10, 1, 1, 1, 1, 1, 3, 1, 5, 4, 5, 3, 19, 1, 1, 1, 4, 1, 3, 76, 14, 10, 6, 5, 11, 7, 6, 28, 1, 7, 6, 3, 10, 2, 2, 7, 4, 10, 5, 16, 7, 3, 6, 5, 43, 4, 13, 101, 2, 2, 18, 8, 10, 66, 2, 30, 69, 34, 97, 62, 5, 9, 67, 7, 1, 3, 0, 6, 1, 5, 11, 6, 6, 22, 35, 4, 5, 18, 12, 4, 33, 2, 0, 0, 1, 1, 24, 11, 4, 5, 48, 4, 3, 3, 7, 16, 18, 5, 6, 9, 5, 2, 1, 9, 4, 34, 1, 1, 1, 13, 1, 2, 9, 7, 34, 18, 6, 35, 8, 5, 1, 1, 21, 12, 3, 1, 29, 83, 1, 8, 1, 4, 8, 20, 1, 12, 1, 20, 2, 7, 10, 24, 14, 7, 19, 10, 4, 4, 3, 2, 17, 3, 11, 12, 6, 8, 14, 6, 5, 2, 1, 3, 42, 9, 14, 12, 27, 5, 1, 5, 4, 25, 1, 2, 168, 1, 7, 11, 10, 11, 48, 103, 4, 8, 6, 24, 6, 69, 6, 1, 16, 24, 31, 12, 7, 16, 14, 11, 22, 11, 11, 9, 3, 39, 0, 3, 1, 8, 11, 2, 1, 2, 1, 5, 2, 3, 20, 16, 3, 5, 8, 8, 6, 6, 54, 2, 24, 6, 10, 6, 3, 3, 13, 38, 5, 5, 18, 4, 1, 1, 11, 4, 3, 1, 1, 1, 5, 9, 4, 72, 3, 3, 2, 1, 1, 4, 3, 12, 13, 13, 3, 17, 8, 17, 9, 9, 13, 6, 10, 7, 12, 21, 5, 1, 2, 2, 3, 9, 10, 4, 3, 14, 16, 6, 10, 2, 20, 16, 18, 8, 7, 13, 13, 2, 2, 10, 19, 22, 21, 21, 17, 17, 5, 12, 1, 14, 7, 1, 1, 4, 10, 1, 1, 14, 7, 2, 14, 3, 10, 4, 7, 6, 8, 9, 10, 4, 4, 12, 4, 8, 14, 15, 19, 2, 12, 9, 1, 25, 1, 11, 3, 6, 6, 4, 4, 2, 3, 2, 2, 10, 1, 2, 2, 4, 5, 1, 1, 6, 1, 2, 5, 11, 17, 7, 4, 12, 1, 4, 17, 4, 1, 9, 11, 12, 16, 17, 1, 15, 6, 3, 14, 24, 0, 3, 4, 13, 12, 1, 6, 5, 68, 2, 9, 3, 18, 14, 10, 5, 4, 1, 9, 18, 9, 2, 2, 7, 5, 1, 45, 1, 1, 3, 8, 13, 16, 3, 6, 1, 2, 8, 14, 1, 5, 5, 11, 4, 122, 55, 13, 12, 2, 12, 44, 7, 11, 3, 81, 2, 7, 18, 2, 2, 7, 9, 9, 16, 10, 17, 3, 2, 7, 3, 6, 17, 4, 3, 3, 13, 9, 29, 11, 4, 18, 9, 6, 9, 4, 10, 5, 53, 3, 75, 4, 41, 10, 2, 1, 1, 29, 10, 5, 6, 31, 16, 1, 10, 11, 13, 6, 16, 3, 10, 17, 22, 7, 42, 10, 12, 5, 9, 3, 3, 9, 51, 11, 7, 1, 9, 3, 22, 3, 1, 5, 1, 1, 31, 46, 2, 7, 7, 53, 16, 1, 1, 1, 3, 6, 6, 2, 17, 1, 1, 2, 7, 3, 53, 1, 12, 8, 1, 1, 6, 18, 1, 7, 5, 6, 7, 2, 30, 12, 11, 6, 1, 1, 7, 3, 4, 4, 1, 2, 20, 12, 3, 17, 15, 7, 1, 1, 1, 5, 3, 1, 2, 3, 1, 11, 32, 45, 21, 6, 2, 14, 6, 8, 27, 29, 5, 5, 11, 6, 9, 5, 3, 3, 8, 7, 1, 7, 22, 9, 9, 50, 39, 3, 2, 2, 3, 15, 3, 52, 16, 13, 9, 7, 1, 1, 5, 41, 1, 2, 18, 6, 2, 10, 16, 17, 5, 63, 2, 13, 32, 14, 5, 4, 4, 43, 14, 7, 5, 5, 3, 3, 5, 3, 3, 3, 3, 3, 5, 5, 138, 18, 8, 11, 4, 8, 2, 36, 9, 5, 7, 3, 121, 10, 18, 2, 35, 20, 16, 14, 4, 7, 3, 2, 15, 13, 22, 14, 2, 76, 3, 1, 15, 29, 17, 2, 0, 2, 60, 27, 32, 6, 45, 13, 0, 5, 12, 3, 6, 33, 5, 7, 7, 1, 58, 9, 1, 2, 10, 3, 11, 8, 2, 41, 23, 22, 8, 29, 13, 15, 18, 24, 5, 3, 9, 15, 22, 42, 6, 13, 70, 46, 7, 84, 24, 1, 5, 11, 3, 9, 7, 8, 3, 1, 11, 9, 12, 27, 12, 11, 3, 0, 13, 8, 1, 6, 27, 19, 6, 0, 18, 6, 1, 33, 13, 7, 23, 4, 19, 7, 21, 8, 9, 12, 6, 5, 1, 16, 1, 14, 6, 2, 1, 4, 7, 5, 0, 1, 64, 8, 9, 4, 13, 3, 67, 15, 1, 0, 31, 0, 24, 1, 5, 9, 1, 1, 7, 1, 11, 1, 10, 4, 1, 4, 5, 7, 2, 1, 2, 10, 8, 5, 121, 5, 15, 4, 33, 2, 1, 25, 1, 7, 1, 8, 4, 13, 3, 4, 7, 18, 19, 11, 24, 9, 10, 4, 9, 3, 7, 12, 7, 7, 1, 3, 5, 5, 1, 3, 13, 0, 1, 11, 8, 7, 7, 5, 7, 3, 27, 12, 4, 11, 28, 19, 10, 5, 12, 3, 1, 3, 3, 13, 41, 25, 0, 3, 13, 9, 28, 30, 24, 10, 2, 5, 7, 7, 1, 12, 4, 22, 18, 1, 1, 9, 5, 9, 9, 11, 11, 8, 7, 6, 17, 11, 7, 163, 8, 30, 5, 21, 4, 4, 2, 3, 2, 10, 28, 5, 5, 8, 10, 4, 3, 16, 39, 4, 2, 6, 2, 2, 26, 5, 3, 23, 3, 3, 2, 4, 1, 18, 5, 9, 6, 8, 2, 2, 6, 7, 1, 1, 1, 1, 2, 4, 16, 9, 3]"
Little Did I Know,0.10982031877934478,0.05444020361822023,0.9282478804857621,0.0,2005-2010,2010,1313,227681,"[5, 1, 10, 23, 80, 28, 37, 85, 9, 60, 2, 3, 9, 5, 5, 20, 44, 29, 13, 13, 3, 8, 15, 24, 144, 53, 19, 88, 3, 8, 5, 120, 5, 1, 34, 3, 4, 90, 13, 30, 182, 13, 14, 19, 76, 17, 38, 9, 13, 5, 1, 8, 19, 46, 20, 16, 8, 1, 97, 33, 3, 18, 17, 238, 81, 45, 27, 8, 36, 33, 20, 63, 8, 2, 17, 91, 17, 32, 3, 38, 20, 22, 2, 4, 35, 5, 102, 39, 3, 8, 11, 31, 21, 8, 12, 38, 19, 9, 118, 13, 4, 24, 18, 21, 50, 27, 6, 35, 4, 132, 7, 21, 46, 5, 14, 7, 10, 6, 24, 8, 54, 15, 26, 16, 29, 26, 36, 11, 16, 6, 13, 3, 25, 57, 15, 2, 16, 6, 18, 16, 23, 21, 33, 9, 12, 23, 21, 7, 37, 6, 18, 69, 35, 34, 6, 4, 2, 7, 11, 48, 14, 20, 20, 3, 5, 33, 31, 40, 8, 12, 5, 10, 19, 7, 9, 37, 30, 5, 5, 140, 1, 7, 10, 29, 91, 111, 10, 24, 7, 18, 9, 9, 11, 13, 8, 9, 8, 10, 22, 7, 16, 5, 8, 13, 21, 19, 43, 34, 69, 46, 20, 7, 133, 52, 3, 9, 9, 6, 8, 17, 19, 4, 6, 32, 12, 8, 15, 1, 4, 26, 23, 22, 9, 11, 15, 2, 2, 12, 6, 15, 4, 4, 8, 8, 63, 2, 3, 12, 15, 25, 165, 6, 19, 8, 2, 24, 1, 2, 26, 24, 53, 3, 11, 166, 14, 8, 10, 5, 45, 15, 8, 16, 6, 6, 13, 4, 10, 12, 2, 11, 68, 22, 5, 71, 16, 14, 28, 34, 9, 10, 6, 17, 2, 22, 8, 23, 15, 14, 3, 8, 6, 43, 50, 2, 24, 6, 41, 13, 107, 7, 5, 4, 2, 42, 21, 5, 30, 4, 43, 14, 24, 12, 67, 10, 22, 22, 26, 49, 20, 35, 9, 28, 14, 38, 19, 18, 53, 13, 12, 38, 27, 22, 12, 82, 9, 2, 28, 22, 11, 20, 73, 4, 11, 46, 17, 2, 7, 18, 42, 13, 28, 3, 40, 2, 6, 146, 7, 21, 21, 9, 9, 7, 21, 17, 18, 11, 82, 3, 40, 11, 1, 47, 17, 2, 12, 10, 17, 39, 16, 13, 53, 13, 4, 7, 12, 20, 22, 13, 17, 24, 8, 20, 6, 20, 4, 30, 9, 194, 73, 14, 58, 16, 1, 2, 14, 19, 14, 49, 18, 18, 5, 3, 9, 1, 4, 7, 11, 3, 3, 76, 2, 6, 8, 17, 7, 9, 8, 4, 37, 39, 1, 1, 26, 6, 4, 18, 4, 14, 7, 26, 8, 68, 22, 154, 36, 14, 93, 23, 10, 15, 13, 9, 3, 8, 17, 8, 5, 3, 6, 9, 8, 2, 95, 27, 7, 21, 11, 4, 9, 7, 32, 6, 34, 34, 50, 17, 3, 42, 15, 20, 120, 8, 5, 14, 40, 12, 36, 11, 28, 19, 11, 40, 6, 10, 15, 21, 20, 17, 22, 63, 6, 19, 2, 9, 57, 3, 15, 6, 3, 16, 23, 34, 60, 8, 2, 15, 32, 10, 18, 28, 7, 10, 16, 17, 6, 9, 16, 5, 5, 6, 2, 12, 11, 25, 28, 7, 9, 60, 1, 11, 16, 27, 16, 15, 5, 49, 4, 42, 35, 39, 8, 2, 6, 7, 11, 9, 30, 15, 28, 9, 2, 31, 3, 20, 8, 13, 33, 51, 12, 60, 16, 5, 9, 9, 51, 22, 17, 17, 9, 39, 35, 3, 38, 34, 12, 22, 1, 12, 3, 25, 1, 5, 14, 6, 38, 4, 4, 15, 15, 17, 13, 4, 6, 81, 1, 21, 4, 19, 33, 17, 6, 16, 15, 15, 5, 39, 1, 2, 53, 100, 36, 11, 23, 54, 5, 5, 11, 19, 7, 15, 68, 6, 14, 8, 40, 1, 15, 21, 8, 4, 13, 29, 13, 19, 46, 28, 10, 27, 15, 23, 7, 2, 6, 3, 13, 41, 18, 14, 17, 22, 3, 25, 9, 1, 16, 16, 5, 5, 24, 1, 18, 7, 10, 16, 18, 30, 12, 113, 1, 11, 14, 10, 22, 12, 14, 9, 7, 5, 4, 5, 10, 6, 7, 5, 34, 14, 3, 15, 6, 20, 6, 3, 6, 1, 3, 8, 4, 18, 28, 3, 1, 1, 8, 13, 2, 5, 2, 11, 4, 6, 49, 7, 9, 1, 3, 4, 4, 4, 6, 5, 16, 16, 16, 23, 8, 15, 6, 5, 4, 6, 1, 4, 79, 3, 5, 60, 51, 3, 6, 18, 16, 14, 11, 7, 7, 4, 16, 19, 9, 36, 3, 14, 11, 13, 4, 7, 12, 15, 5, 2, 13, 11, 4, 9, 8, 30, 44, 3, 8, 3, 3, 2, 5, 9, 14, 5, 36, 12, 13, 21, 10, 14, 2, 2, 20, 9, 9, 1, 0, 12, 23, 12, 20, 1, 5, 60, 27, 3, 24, 22, 11, 49, 31, 16, 9, 5, 4, 22, 12, 1, 12, 5, 22, 8, 4, 4, 1, 10, 32, 9, 7, 17, 13, 12, 1, 6, 71, 59, 10, 7, 10, 45, 5, 16, 40, 6, 10, 4, 5, 1, 35, 14, 38, 12, 13, 4, 29, 9, 3, 12, 35, 12, 23, 4, 19, 12, 25, 1, 40, 11, 11, 5, 56, 11, 8, 11, 5, 2, 47, 1, 7, 12, 41, 20, 1, 13, 7, 19, 3, 6, 9, 8, 11, 3, 7, 31, 3, 7, 7, 16, 10, 16, 20, 9, 20, 18, 6, 2, 24, 10, 12, 13, 22, 20, 6, 21, 1, 10, 26, 18, 14, 23, 3, 4, 31, 2, 13, 6, 11, 7, 93, 64, 10, 25, 7, 179, 18, 97, 5, 14, 2, 9, 10, 14, 3, 1, 36, 25, 23, 15, 14, 30, 23, 26, 4, 28, 11, 15, 14, 4, 1, 20, 16, 15, 39, 40, 23, 34, 66, 4, 18, 3, 30, 6, 2, 9, 12, 12, 21, 4, 2, 1, 22, 11, 4, 19, 19, 11, 17, 3, 2, 20, 8, 18, 19, 1, 1, 12, 38, 13, 18, 72, 6, 22, 27, 5, 27, 16, 6, 89, 5, 7, 11, 10, 15, 55, 50, 16, 20, 2, 99, 44, 22, 7, 1, 2, 8, 3, 14, 26, 15, 12, 4, 34, 18, 12, 9, 16, 21, 8, 7, 9, 17, 13, 8, 1, 26, 7, 1, 33, 13, 7, 23, 22, 29, 2, 4, 7, 21, 2, 2, 19, 7, 22, 4, 28, 39, 35, 6, 37, 123, 4, 5, 14, 1, 22, 7, 10, 2, 14, 17, 4, 1, 7, 2, 1, 2, 16, 1, 1, 1, 4, 1, 38, 1, 3, 3, 46, 9, 11, 4, 2, 1, 3, 7, 9, 5, 34, 12, 6, 37, 1, 5, 6, 7, 55, 8, 2, 1, 8, 14, 9, 28, 17, 22, 6, 7, 10, 9, 18, 6, 5, 6, 5, 16, 22, 7, 7, 31, 48, 2, 17, 10, 4, 4, 4, 6, 14, 123, 5, 11, 8, 1, 1, 5, 4, 15, 14, 10, 56, 2, 16, 13, 25, 1, 2, 29, 36, 65, 14, 143, 13, 5, 15, 8, 9, 30, 35, 4, 43, 38, 7, 20, 6, 34, 9, 22, 2, 5, 8, 61, 38, 24, 6, 9, 12, 35, 7, 16, 21, 1, 15, 34, 12, 20, 17, 4, 8, 18, 10, 14, 19, 7, 14, 3, 1, 1, 3, 7, 10, 1, 1, 10, 8, 16, 6, 16, 1, 46, 18, 62, 7, 33, 13, 37, 14, 59, 11, 5, 5, 3, 24, 3, 4, 2, 25, 19, 5, 9, 15, 38, 6, 54, 23, 43, 12, 3, 8, 1, 16, 21, 7, 8, 3, 5, 5, 3, 1, 54, 14, 5, 2, 14, 36, 23, 66, 38, 2, 28, 1, 9, 5, 4, 5, 9, 11, 40, 6, 8, 6, 3, 1, 11, 11, 10, 6, 17, 6, 33, 17, 35, 44, 42]"
